"title","totalScore","reviewsCount","street","city","state","countryCode","website","phone","categories/0","categories/1","categories/2","categories/3","categories/4","categories/5","categories/6","categories/7","categories/8","categories/9","url","categoryName"
"Planet Ban Padasuka","4.5","111","Jl. Padasuka No.59","Kota Bandung","Jawa Barat","ID","https://lokasi.planetban.com/planet-ban-jalan-padasuka-pasirlayung-motorcycle-repair-shop-kota-bandung-bandung-393987/Home?utm_source=locator&utm_medium=googleplaces","+62 817-0006-055","Bengkel Sepeda Motor","Bengkel Motor Skuter","Toko Suku Cadang Motor","Layanan ban","Toko Ban",,,,,,"https://www.google.com/maps/search/?api=1&query=Planet%20Ban%20Padasuka&query_place_id=ChIJoY_FYw7naC4RGeO8ca3rvug","Bengkel Sepeda Motor"
"Bj Bengkel Motor",,,"Jl. Dr. Djunjunan No.24","Kota Bandung","Jawa Barat","ID",,"+62 813-2429-5767","Bengkel Mobil",,,,,,,,,,"https://www.google.com/maps/search/?api=1&query=Bj%20Bengkel%20Motor&query_place_id=ChIJzTS9-WTmaC4R0d8uhdWQsXU","Bengkel Mobil"
"Apotek Asri","4","1","Jl. Titiran No.16","Kota Bandung","Jawa Barat","ID",,"+62 22 2507293","Apotek",,,,,,,,,,"https://www.google.com/maps/search/?api=1&query=Apotek%20Asri&query_place_id=ChIJp9bHmVLmaC4RykBJ0A8vVFk","Apotek"
"Apotek Prabu Jaya Farma","5","3","Jl. Pasir Impun No.133","Kota Bandung","Jawa Barat","ID",,"+62 811-2233-640","Apotek",,,,,,,,,,"https://www.google.com/maps/search/?api=1&query=Apotek%20Prabu%20Jaya%20Farma&query_place_id=ChIJYRIB_HrdaC4RcWoJ4nsPMek","Apotek"
"Apotek Prima Jaya","4.3","102","Jl. Tubagus Ismail II No.6","Kota Bandung","Jawa Barat","ID",,"+62 22 2503540","Apotek",,,,,,,,,,"https://www.google.com/maps/search/?api=1&query=Apotek%20Prima%20Jaya&query_place_id=ChIJF0ucXP_maC4RsGTdPx2xXOI","Apotek"
"apotek kahfi farma","4","39","Jl. Ciumbuleuit No.176","Kota Bandung","Jawa Barat","ID","http://www.wangunsari.com/","+62 22 64403199","Apotek",,,,,,,,,,"https://www.google.com/maps/search/?api=1&query=apotek%20kahfi%20farma&query_place_id=ChIJm3xjVqTnaC4R0WM3MalirP4","Apotek"
"Apotek Kimia Farma, Gegerkalong","4.1","125","Jl. Gegerkalong Hilir No.33","Kota Bandung","Jawa Barat","ID","http://kimiafarmaapotek.co.id/","+62 811-2157-684","Apotek","Klinik Kesehatan",,,,,,,,,"https://www.google.com/maps/search/?api=1&query=Apotek%20Kimia%20Farma%2C%20Gegerkalong&query_place_id=ChIJLzOzhZbmaC4RQPmxJ6uyOLY","Apotek"
"Apotek Sahaja","5","3","Jl. Sukagalih No.48","Kota Bandung","Jawa Barat","ID",,"+62 821-2714-9848","Apotek",,,,,,,,,,"https://www.google.com/maps/search/?api=1&query=Apotek%20Sahaja&query_place_id=ChIJKbOBrV7naC4Rt6nZSksGvtE","Apotek"
"dr Amelia DN Sugiharta, SpKJ (Praktik Psikiatri) - Apotek Baladewa Farma 3","5","24","Jl. Gegerkalong Hilir No.65","Kota Bandung","Jawa Barat","ID",,"+62 822-6034-3387","Klinik Medis",,,,,,,,,,"https://www.google.com/maps/search/?api=1&query=dr%20Amelia%20DN%20Sugiharta%2C%20SpKJ%20(Praktik%20Psikiatri)%20-%20Apotek%20Baladewa%20Farma%203&query_place_id=ChIJJULkSf_naC4RXjQcsYFoiD0","Klinik Medis"
"Apotek mayfarma","5","2","Jl. Jatihandap No.36B","Kota Bandung","Jawa Barat","ID",,"","Apotek",,,,,,,,,,"https://www.google.com/maps/search/?api=1&query=Apotek%20mayfarma&query_place_id=ChIJhW6pzN_naC4RpP9whK5MTvs","Apotek"
"Apotek Arsaya",,,"Jl. Ciumbuleuit No.109","Kota Bandung","Jawa Barat","ID","https://klinikarsaya.com/apotek","+62 813-3885-4439","Apotek",,,,,,,,,,"https://www.google.com/maps/search/?api=1&query=Apotek%20Arsaya&query_place_id=ChIJM_sMv7jnaC4Rw8x0D94WC40","Apotek"
"Apotek Griya Farma Jatihandap","4.8","25","Jl. Jatihandap No.20","Kota Bandung","Jawa Barat","ID",,"+62 815-7223-3772","Apotek",,,,,,,,,,"https://www.google.com/maps/search/?api=1&query=Apotek%20Griya%20Farma%20Jatihandap&query_place_id=ChIJp5Dt-o3naC4RdrVtpqZSMRc","Apotek"
"Apotek Rayla","4.1","34","Jl. Jatihandap No.24","Kota Bandung","Jawa Barat","ID",,"+62 895-1412-1471","Apotek",,,,,,,,,,"https://www.google.com/maps/search/?api=1&query=Apotek%20Rayla&query_place_id=ChIJZW-AP5jnaC4RdVdSzzfLI50","Apotek"
"Apotik Moria","4.3","36","Jl. Cikutra No.148","Kota Bandung","Jawa Barat","ID",,"+62 22 7273096","Apotek",,,,,,,,,,"https://www.google.com/maps/search/?api=1&query=Apotik%20Moria&query_place_id=ChIJWe0F573naC4RLB_HZUsU4L0","Apotek"
"Apotek Gerlong Girang","4.8","25","Jl. Gegerkalong Girang Baru No.2D","Kota Bandung","Jawa Barat","ID",,"+62 882-2090-3610","Apotek",,,,,,,,,,"https://www.google.com/maps/search/?api=1&query=Apotek%20Gerlong%20Girang&query_place_id=ChIJq6ytaQvnaC4Rus6Y4M4VxDQ","Apotek"
"Apotek An Nur","3","4","Jl. Dr. Setiabudhi No. 63","Kota Bandung","Jawa Barat","ID",,"+62 22 2031922","Apotek",,,,,,,,,,"https://www.google.com/maps/search/?api=1&query=Apotek%20An%20Nur&query_place_id=ChIJjUhphjXhaC4Rt1ywN4fepdw","Apotek"
"Apotek Mega Farma","4.1","8","Jl. Sukamulya No.17","Kota Bandung","Jawa Barat","ID",,"","Toko Obat Organik","Apotek",,,,,,,,,"https://www.google.com/maps/search/?api=1&query=Apotek%20Mega%20Farma&query_place_id=ChIJGc1AmmLmaC4RA54HxqKJ8vc","Toko Obat Organik"
"Apotek Atminah","4.2","5","Jl. Jurang No.No","Kota Bandung","Jawa Barat","ID",,"","Apotek",,,,,,,,,,"https://www.google.com/maps/search/?api=1&query=Apotek%20Atminah&query_place_id=ChIJC-XKcPXmaC4Rt9oTjLh5XCA","Apotek"
"Apotek Suka Senang","4.8","16","Surapati Core, Jl. Khp Hasan Mustopa Blok L No.27","Kabupaten Bandung","Jawa Barat","ID",,"+62 22 61664214","Apotek",,,,,,,,,,"https://www.google.com/maps/search/?api=1&query=Apotek%20Suka%20Senang&query_place_id=ChIJa_BdeZHnaC4R3NqEOcktN9U","Apotek"
"Apotek Ciumbuleuit","4","34","Jl. Ciumbuleuit No.170","Kota Bandung","Jawa Barat","ID",,"+62 877-8755-5527","Apotek",,,,,,,,,,"https://www.google.com/maps/search/?api=1&query=Apotek%20Ciumbuleuit&query_place_id=ChIJc-xyglvnaC4RgKiPwZSv49U","Apotek"
"Apotek Adista","4.4","9","Jl. Citarum No.39","Kota Bandung","Jawa Barat","ID",,"+62 22 7103821","Apotek",,,,,,,,,,"https://www.google.com/maps/search/?api=1&query=Apotek%20Adista&query_place_id=ChIJD3jGgbPnaC4RVo9LV9M5JIQ","Apotek"
"Apotek Mustika Farma","4.1","14","Ruko Suci Residence, Jl. Padasuka Kav. 8 / A6","Kota Bandung","Jawa Barat","ID",,"+62 22 7217131","Apotek",,,,,,,,,,"https://www.google.com/maps/search/?api=1&query=Apotek%20Mustika%20Farma&query_place_id=ChIJsQ2sq5HnaC4RK5kGCvAkjrY","Apotek"
"Klinik Utama Revita & Apotek Revita","4.3","40","Jl. Cihampelas No.73","Kota Bandung","Jawa Barat","ID",,"+62 818-0993-5005","Klinik Spesialis","Apotek",,,,,,,,,"https://www.google.com/maps/search/?api=1&query=Klinik%20Utama%20Revita%20%26%20Apotek%20Revita&query_place_id=ChIJu_2GC0TmaC4RiIoS1aAyINE","Klinik Spesialis"
"Apotek karya farma","4.5","6","Jl. Padasuka No.68","Kota Bandung","Jawa Barat","ID",,"+62 877-8944-9816","Apotek",,,,,,,,,,"https://www.google.com/maps/search/?api=1&query=Apotek%20karya%20farma&query_place_id=ChIJXxWqU5DnaC4RS9QN-lRwjCg","Apotek"
"Apotek Medistra","4.1","9","Jl. Terusan Cikutra Baru No.20a","Kota Bandung","Jawa Barat","ID",,"+62 858-7089-4273","Apotek",,,,,,,,,,"https://www.google.com/maps/search/?api=1&query=Apotek%20Medistra&query_place_id=ChIJdWvV4aLnaC4RKKM4nnzwfR0","Apotek"
"Apotek Eyckmana","3.6","10","Jl. Sersan Bajuri No.55","Kota Bandung","Jawa Barat","ID",,"+62 22 2015515","Apotek",,,,,,,,,,"https://www.google.com/maps/search/?api=1&query=Apotek%20Eyckmana&query_place_id=ChIJobr_SbfmaC4RqH-S2D8-tYE","Apotek"
"Apotek Anyar Farma","4.2","29","Jl. Gegerkalong Girang No.100","Kota Bandung","Jawa Barat","ID",,"+62 821-2137-9135","Apotek",,,,,,,,,,"https://www.google.com/maps/search/?api=1&query=Apotek%20Anyar%20Farma&query_place_id=ChIJC9ZlqrzmaC4RbAC_oz0OhV8","Apotek"
"Apotik Kusuri","4","21","Komplek Suci Residence Ruko, Jl. Padasuka Blok A No.5","Kabupaten Bandung","Jawa Barat","ID",,"+62 22 7219660","Apotek",,,,,,,,,,"https://www.google.com/maps/search/?api=1&query=Apotik%20Kusuri&query_place_id=ChIJtWq0q5HnaC4RQLPBmKzdSr8","Apotek"
"Apotek Saka Farma Bandung","5","2","Jl. Arcamanik No.8","Kota Bandung","Jawa Barat","ID",,"+62 882-2216-6174","Apotek",,,,,,,,,,"https://www.google.com/maps/search/?api=1&query=Apotek%20Saka%20Farma%20Bandung&query_place_id=ChIJ71FUBADdaC4RUhWizroGMBk","Apotek"
"Apotek Altros Dago","4.1","16","Jl. Ir. H. Juanda No.376","Kota Bandung","Jawa Barat","ID",,"+62 22 2512599","Apotek",,,,,,,,,,"https://www.google.com/maps/search/?api=1&query=Apotek%20Altros%20Dago&query_place_id=ChIJ2c095-LmaC4RUQemrFW68JE","Apotek"
"Apotek Adika","4.1","50","Jl. Ir. H. Juanda No.306","Kota Bandung","Jawa Barat","ID",,"+62 22 2503941","Apotek",,,,,,,,,,"https://www.google.com/maps/search/?api=1&query=Apotek%20Adika&query_place_id=ChIJS7tAZPzmaC4RCuwB3Eg4s50","Apotek"
"VIVA Apotek Djuanda","4.2","55","Jl. H.Djuanda No.139","Kota Bandung","Jawa Barat","ID","https://vivaapotek.co.id/","+62 822-4633-8389","Apotek",,,,,,,,,,"https://www.google.com/maps/search/?api=1&query=VIVA%20Apotek%20Djuanda&query_place_id=ChIJHyKOeQ7laC4RuJ0dE8F4_AM","Apotek"
"Apotek Romeesa","4.4","49","Jalan Padasuka. 131, Ruko No.1, RT.03/RW.04","Kota Bandung","Jawa Barat","ID",,"+62 22 87274989","Apotek",,,,,,,,,,"https://www.google.com/maps/search/?api=1&query=Apotek%20Romeesa&query_place_id=ChIJZ_UHu5rnaC4R4MX339md2AM","Apotek"
"Apotek Adora","4.7","72","Jl. Cigadung Selatan No.1A","Kabupaten Bandung","Jawa Barat","ID","https://adoraeducare.my.canva.site/","+62 813-9459-7073","Apotek",,,,,,,,,,"https://www.google.com/maps/search/?api=1&query=Apotek%20Adora&query_place_id=ChIJzS7hD6rnaC4RL1S2pdJAohQ","Apotek"
"Apotek Cemara","4.3","53","Jl. Karang Tinggal No.41B","Kota Bandung","Jawa Barat","ID",,"+62 22 2042298","Apotek",,,,,,,,,,"https://www.google.com/maps/search/?api=1&query=Apotek%20Cemara&query_place_id=ChIJYeYaQGDmaC4R1FZiPLhDokM","Apotek"
"Apotek Yabes","3.2","32","Jl. Dr. Djunjunan No.119","Kota Bandung","Jawa Barat","ID","https://www.tokopedia.com/apotekoptikyabes","+62 851-0049-3131","Apotek",,,,,,,,,,"https://www.google.com/maps/search/?api=1&query=Apotek%20Yabes&query_place_id=ChIJBQTl5WTmaC4R9nB_HBgxHAI","Apotek"
"Apotek Sadang Serang","4.1","76","Jl. Sadang Serang No.51","Kota Bandung","Jawa Barat","ID",,"+62 22 2503324","Apotek",,,,,,,,,,"https://www.google.com/maps/search/?api=1&query=Apotek%20Sadang%20Serang&query_place_id=ChIJRVZhX6rnaC4ROkA3pJQECoM","Apotek"
"Apotek Sukagalih","4.1","14","Jl. Sukagalih No.110","Kota Bandung","Jawa Barat","ID",,"+62 855-2074-2939","Apotek",,,,,,,,,,"https://www.google.com/maps/search/?api=1&query=Apotek%20Sukagalih&query_place_id=ChIJ6fG6JiLnaC4RzAEMTezvSDE","Apotek"
"Apotek Panghegar 2","2.7","9","Jl. Jatihandap No.68","Kota Bandung","Jawa Barat","ID",,"+62 22 63725248","Apotek",,,,,,,,,,"https://www.google.com/maps/search/?api=1&query=Apotek%20Panghegar%202&query_place_id=ChIJD5VfYEvnaC4RZGdXWQCNiec","Apotek"
"Apotek Beauderma","4.7","15","Jl. Surapati No.17","Kota Bandung","Jawa Barat","ID",,"+62 812-2112-0035","Apotek",,,,,,,,,,"https://www.google.com/maps/search/?api=1&query=Apotek%20Beauderma&query_place_id=ChIJ2XdLck7maC4Ri1hQn8s9jyA","Apotek"
"Apotek Sukma Jaya","4.5","37","Jl. Sukahaji No.135 D","Kota Bandung","Jawa Barat","ID",,"+62 812-2227-63464","Apotek",,,,,,,,,,"https://www.google.com/maps/search/?api=1&query=Apotek%20Sukma%20Jaya&query_place_id=ChIJYwCy1qXnaC4RFnQWFRJKkNw","Apotek"
"Apotek Fazza Tikukur","4.4","39","Jl. Tikukur No.30 B","Kota Bandung","Jawa Barat","ID",,"+62 821-1441-7887","Apotek",,,,,,,,,,"https://www.google.com/maps/search/?api=1&query=Apotek%20Fazza%20Tikukur&query_place_id=ChIJye77L7XnaC4RFE3tVT_ZxAw","Apotek"
"Apotek Keluarga Kita","3.7","29","No.15 no A, Komplek Ruko Setrasari Megasquare, Jl. Terusan Sutami","Kota Bandung","Jawa Barat","ID",,"+62 813-6788-8568","Apotek",,,,,,,,,,"https://www.google.com/maps/search/?api=1&query=Apotek%20Keluarga%20Kita&query_place_id=ChIJDVrF4yTnaC4RWC-WuscMB84","Apotek"
"Jurang 91 - Bandung","5","3","Jl. Jurang No.91","Kota Bandung","Jawa Barat","ID",,"","Apotek",,,,,,,,,,"https://www.google.com/maps/search/?api=1&query=Jurang%2091%20-%20Bandung&query_place_id=ChIJa5lHfvXmaC4RfRbQTAJMWXc","Apotek"
"Apotek eL Luna Farma","5","8","Jl. Padasuka No.26","Kota Bandung","Jawa Barat","ID","https://instagram.com/el_luna_farma?igshid=NzZhOTFlYzFmZQ==","+62 877-6110-0285","Apotek",,,,,,,,,,"https://www.google.com/maps/search/?api=1&query=Apotek%20eL%20Luna%20Farma&query_place_id=ChIJTXHaf5HnaC4RetgnxpI9__s","Apotek"
"Kimia Farma Ciumbuleuit","4.7","178","Jl. Ciumbuleuit No.73","Kota Bandung","Jawa Barat","ID","http://kimiafarmaapotek.co.id/","+62 811-2157-667","Apotek",,,,,,,,,,"https://www.google.com/maps/search/?api=1&query=Kimia%20Farma%20Ciumbuleuit&query_place_id=ChIJHYhAX_HmaC4RmSbF0xZ5uM8","Apotek"
"Klinik dan Apotek TelkoMedika Sentot Bandung","4.5","108","Jl. Sentot Alibasyah No.2","Kota Bandung","Jawa Barat","ID","https://www.telkomedika.co.id/","+62 811-1150-0115","Klinik Medis",,,,,,,,,,"https://www.google.com/maps/search/?api=1&query=Klinik%20dan%20Apotek%20TelkoMedika%20Sentot%20Bandung&query_place_id=ChIJMcJewdHnaC4R8B_9EtO6bHY","Klinik Medis"
"Apotek Mentari Sehat","4.2","26","Jl. Pasir Impun No.1","Kota Bandung","Jawa Barat","ID",,"+62 22 70974400","Apotek","Grosir",,,,,,,,,"https://www.google.com/maps/search/?api=1&query=Apotek%20Mentari%20Sehat&query_place_id=ChIJl3MSvWbdaC4R4EiiSkWCDE8","Apotek"
"Asih Apotek",,,"Jl. Cipaganti No. 79 Pasteur Sukajadi Bandung Jawa Barat","Kota Bandung","Jawa Barat","ID",,"+62 22 2032405","Apotek",,,,,,,,,,"https://www.google.com/maps/search/?api=1&query=Asih%20Apotek&query_place_id=ChIJd87JoormaC4Rn2BMNjYLprU","Apotek"
"Apotik Mama","2.9","131","Jl. Sukamaju Dalam No.44","Kota Bandung","Jawa Barat","ID",,"+62 22 2035461","Apotek",,,,,,,,,,"https://www.google.com/maps/search/?api=1&query=Apotik%20Mama&query_place_id=ChIJd87JoormaC4RrdwUBgohzvE","Apotek"
"Apotek pahlawan bandung","4.5","2","Jl. Pahlawan No.064, RT.003/RW.001","Kota Bandung","Jawa Barat","ID",,"+62 851-6771-7003","Apotek",,,,,,,,,,"https://www.google.com/maps/search/?api=1&query=Apotek%20pahlawan%20bandung&query_place_id=ChIJzSLQQQDnaC4RA3DyCVuCKvU","Apotek"
"Eyckman Apotek","4.8","4","Jl. Sampurna No.26 A","Kota Bandung","Jawa Barat","ID",,"+62 22 2037471","Apotek",,,,,,,,,,"https://www.google.com/maps/search/?api=1&query=Eyckman%20Apotek&query_place_id=ChIJd87JoormaC4RDrTH-vAmVCM","Apotek"
"Apotek Asri","5","49","Jl. Rereongan Sarupi No.25","Kota Bandung","Jawa Barat","ID","https://www.apotek-k24.com/","+62 813-8002-4858","Apotek",,,,,,,,,,"https://www.google.com/maps/search/?api=1&query=Apotek%20Asri&query_place_id=ChIJ4UKaIR3naC4R0WBFqhT5rXI","Apotek"
"Apotek Kehidupan","5","2","Balubur Town Square, Jl. Tamansari Blok A No.09 Lantai 1","Kota Bandung","Jawa Barat","ID",,"","Apotek",,,,,,,,,,"https://www.google.com/maps/search/?api=1&query=Apotek%20Kehidupan&query_place_id=ChIJqVGtbEXmaC4RGUjFxqE2WvY","Apotek"
"Apotek Dhe Farma","4.4","36","Jl. Sukahaji No.90","Kota Bandung","Jawa Barat","ID",,"+62 852-1649-6040","Apotek",,,,,,,,,,"https://www.google.com/maps/search/?api=1&query=Apotek%20Dhe%20Farma&query_place_id=ChIJ6d8siWvnaC4RKjXhPF-_BQ4","Apotek"
"Apotek Bunda Bidara","3.8","24","Jl. Titiran No.24","Kota Bandung","Jawa Barat","ID",,"+62 812-2203-6032","Apotek",,,,,,,,,,"https://www.google.com/maps/search/?api=1&query=Apotek%20Bunda%20Bidara&query_place_id=ChIJv_ZkrEjnaC4RVKUbuF6e918","Apotek"
"APOTEK TRENDS MEDIKA","4.4","9","Ruko grand panoramic no, Jl. Pasir Impun No.39 kav R3","Kota Bandung","Jawa Barat","ID",,"+62 812-8688-0930","Apotek",,,,,,,,,,"https://www.google.com/maps/search/?api=1&query=APOTEK%20TRENDS%20MEDIKA&query_place_id=ChIJu8jT-ErdaC4R5yaedf2tDBM","Apotek"
"Apotek Bhakti Farma","3.9","12","Jl. Sukagalih No.4","Kota Bandung","Jawa Barat","ID",,"+62 22 2035975","Apotek",,,,,,,,,,"https://www.google.com/maps/search/?api=1&query=Apotek%20Bhakti%20Farma&query_place_id=ChIJ035CTGfmaC4RQT6NNG_0LTM","Apotek"
"Apotek Sederhana","3.2","53","Jl. Sederhana No.77","Kota Bandung","Jawa Barat","ID","https://www.honestdocs.id/apotik/apotek-sederhana-bandung","+62 22 2030551","Apotek",,,,,,,,,,"https://www.google.com/maps/search/?api=1&query=Apotek%20Sederhana&query_place_id=ChIJQVrpkl3maC4Rlh1MMP4og5k","Apotek"
"Apotek Mirah","3.7","3","Jl. Batik Saketi No.2","Kota Bandung","Jawa Barat","ID",,"+62 22 2500478","Apotek",,,,,,,,,,"https://www.google.com/maps/search/?api=1&query=Apotek%20Mirah&query_place_id=ChIJaQJppa_naC4RUZzpJyTZOHY","Apotek"
"Apotek Vivi Farma","4.5","2","Jl. Sirnamanah No.3","Kota Bandung","Jawa Barat","ID",,"+62 22 2031687","Apotek",,,,,,,,,,"https://www.google.com/maps/search/?api=1&query=Apotek%20Vivi%20Farma&query_place_id=ChIJ_XFyBWDmaC4RR8LoU0d6Hhw","Apotek"
"Apotek Bukit Permata","4.6","25","Jl. Ciumbuleuit No.57","Kota Bandung","Jawa Barat","ID","https://www.honestdocs.id/apotik/apotek-bukit-permata-bandung","+62 896-5262-2818","Apotek",,,,,,,,,,"https://www.google.com/maps/search/?api=1&query=Apotek%20Bukit%20Permata&query_place_id=ChIJmyRI3vPmaC4R3U0kZywlbSA","Apotek"
"Apotek Girie Farma","3.8","15","Jl. Simpay Asih","Kota Bandung","Jawa Barat","ID",,"","Apotek",,,,,,,,,,"https://www.google.com/maps/search/?api=1&query=Apotek%20Girie%20Farma&query_place_id=ChIJw73KB5rdaC4Rjbtc1T1N4cg","Apotek"
"Apotik Kombi Sukajadi","4.4","37","Jl. Sukajadi No.7","Kota Bandung","Jawa Barat","ID",,"","Apotek",,,,,,,,,,"https://www.google.com/maps/search/?api=1&query=Apotik%20Kombi%20Sukajadi&query_place_id=ChIJMzOZfCTnaC4RT58f6_3e0nk","Apotek"
"Bandung Perdana Medikatama. PT","4.5","2","Jl. Dr. Setiabudi No.187","Kota Bandung","Jawa Barat","ID",,"+62 22 2010893","Apotek",,,,,,,,,,"https://www.google.com/maps/search/?api=1&query=Bandung%20Perdana%20Medikatama.%20PT&query_place_id=ChIJnbDFIL7maC4RO1FpPngs6i4","Apotek"
"Apotek Poliklinik IRFINA","4.5","4","Jl. Alpina No.2","Kota Bandung","Jawa Barat","ID",,"","Toko Obat","Apotek",,,,,,,,,"https://www.google.com/maps/search/?api=1&query=Apotek%20Poliklinik%20IRFINA&query_place_id=ChIJmwQ7B_vmaC4RQ0goo85mQzk","Toko Obat"
"Apotek Mara Farma","5","27","Jl. Cemara No.57","Kota Bandung","Jawa Barat","ID",,"+62 822-1892-9157","Apotek",,,,,,,,,,"https://www.google.com/maps/search/?api=1&query=Apotek%20Mara%20Farma&query_place_id=ChIJhdf0vw_naC4R9XmJoS7LWsE","Apotek"
"Apotek Setiabudhi","4.1","43","Jalan Dokter Setiabudhi. 170-D2, Hegarmanah, Sukasari","Kota Bandung","Jawa Barat","ID",,"+62 2038212","Apotek",,,,,,,,,,"https://www.google.com/maps/search/?api=1&query=Apotek%20Setiabudhi&query_place_id=ChIJMdifeJPmaC4RuhUwtvRUX3w","Apotek"
"apotek teguh farma","3","4","Balubur Town Square, Jl. Tamansari D2 P26","Kota Bandung","Jawa Barat","ID",,"+62 22 84468885","Apotek",,,,,,,,,,"https://www.google.com/maps/search/?api=1&query=apotek%20teguh%20farma&query_place_id=ChIJleAHakXmaC4Rt_ugFqa4QBs","Apotek"
"Apotek Kurnia Farma Sehat","4.6","95","Jl. Cemara No.9, RW.01","Kota Bandung","Jawa Barat","ID","https://www.gragazpharmacy.com/","+62 856-2481-9886","Apotek",,,,,,,,,,"https://www.google.com/maps/search/?api=1&query=Apotek%20Kurnia%20Farma%20Sehat&query_place_id=ChIJdw-suGXnaC4RVfFYM29TXwk","Apotek"
"Apotek Bona Farma","3.8","134","Jl. Dr. Setiabudi No.170J","Kota Bandung","Jawa Barat","ID",,"+62 22 2034333","Apotek",,,,,,,,,,"https://www.google.com/maps/search/?api=1&query=Apotek%20Bona%20Farma&query_place_id=ChIJHbwof5TmaC4RzaX7xG8Ktj4","Apotek"
"Apotek Hey Farma","4","77","Jl. Cikondang No.5, RT.03/RW.20","Kota Bandung","Jawa Barat","ID","http://www.hey-farma.com/","+62 821-2034-3537","Apotek",,,,,,,,,,"https://www.google.com/maps/search/?api=1&query=Apotek%20Hey%20Farma&query_place_id=ChIJgdjxq2rnaC4R5R2IxF5ihiI","Apotek"
"APOTEK ANANDA","2.6","5","Jl. Surapati No.99","Kota Bandung","Jawa Barat","ID",,"","Apotek",,,,,,,,,,"https://www.google.com/maps/search/?api=1&query=APOTEK%20ANANDA&query_place_id=ChIJhbevVbLnaC4RZNu13Rb3224","Apotek"
"Rumah Sakit Kartini Bandung","4.2","573","Jl. Pahlawan No.48","Kota Bandung","Jawa Barat","ID","http://rskartini.id/","+62 22 7200715","Klinik Medis","Dokter","Laboratorium Diagnosis Citra Medis","Laboratorium Medis","Apotek",,,,,,"https://www.google.com/maps/search/?api=1&query=Rumah%20Sakit%20Kartini%20Bandung&query_place_id=ChIJ64eVP6XnaC4R1qEbO2TOwGM","Klinik Medis"
"Apotek Mitra Sehati","5","7","Jl. Sadang Serang No.28","Kota Bandung","Jawa Barat","ID",,"+62 895-2728-1926","Apotek",,,,,,,,,,"https://www.google.com/maps/search/?api=1&query=Apotek%20Mitra%20Sehati&query_place_id=ChIJ6Yz8COTnaC4R9gsAOFDiNME","Apotek"
"Apotek Baladewa Farma 3","4.3","108","Jl. Gegerkalong Hilir No.66","Kota Bandung","Jawa Barat","ID","https://linktr.ee/baladewafarma3","+62 822-5751-1683","Apotek","Toko obat grosir",,,,,,,,,"https://www.google.com/maps/search/?api=1&query=Apotek%20Baladewa%20Farma%203&query_place_id=ChIJvfpBCyDnaC4RzSXmRbmRWYE","Apotek"
"Wuling Maju Motor Bandung","4.6","204","Jl. Dr. Setiabudi No.43","Kota Bandung","Jawa Barat","ID","https://wulingmajumotor.id/bandung/","+62 22 82045555","Dealer mobil",,,,,,,,,,"https://www.google.com/maps/search/?api=1&query=Wuling%20Maju%20Motor%20Bandung&query_place_id=ChIJSVbIMinnaC4Rv4a2T6kzhT8","Dealer mobil"
"bengkel motor Team Rusuh97","5","2","Jl. Cikutra Barat No.97, RT.06/RW.06","Kota Bandung","Jawa Barat","ID",,"+62 821-1646-9237","Bengkel Sepeda Motor",,,,,,,,,,"https://www.google.com/maps/search/?api=1&query=bengkel%20motor%20Team%20Rusuh97&query_place_id=ChIJ12NBda7naC4RGQ6ldEec4X0","Bengkel Sepeda Motor"
"Bengkel Motor Mabez Garage","5","13","Jl. Muhamad No.320 B","Kota Bandung","Jawa Barat","ID",,"+62 857-0359-9250","Bengkel Sepeda Motor",,,,,,,,,,"https://www.google.com/maps/search/?api=1&query=Bengkel%20Motor%20Mabez%20Garage&query_place_id=ChIJh_obhvrnaC4Rw5kcNo9foL4","Bengkel Sepeda Motor"
"Kimia Farma Apotek","4.8","295","Jl. Dr. Setiabudi No.36","Kota Bandung","Jawa Barat","ID","http://kimiafarmaapotek.co.id/","+62 811-2157-660","Apotek","Klinik Kesehatan",,,,,,,,,"https://www.google.com/maps/search/?api=1&query=Kimia%20Farma%20Apotek&query_place_id=ChIJVz3AcPTmaC4RUpGLJKh0R28","Apotek"
"Apotek Kimia Farma Pasir Kaliki","4.7","460","Jl. Pasir Kaliki No.235","Kota Bandung","Jawa Barat","ID","http://kimiafarmaapotek.co.id/","+62 811-2157-645","Apotek",,,,,,,,,,"https://www.google.com/maps/search/?api=1&query=Apotek%20Kimia%20Farma%20Pasir%20Kaliki&query_place_id=ChIJswEwMZboaC4RVtHOiQmuC2I","Apotek"
"Jatihandap Motor","4.1","8","Jl. H. Saodah No.147, RT.2/RW.08","Kota Bandung","Jawa Barat","ID",,"+62 852-2093-2222","Bengkel Sepeda Motor","Toko Suku Cadang Motor",,,,,,,,,"https://www.google.com/maps/search/?api=1&query=Jatihandap%20Motor&query_place_id=ChIJbVSujI_naC4Rpmlq9PSZwO4","Bengkel Sepeda Motor"
"Bengkel motor/Iday Jasa Crom","5","4","Gg. Pancasila No.8","Kota Bandung","Jawa Barat","ID",,"+62 818-0429-6305","Akomodasi berlayanan",,,,,,,,,,"https://www.google.com/maps/search/?api=1&query=Bengkel%20motor%2FIday%20Jasa%20Crom&query_place_id=ChIJwRyzdIfnaC4R4zXlaUhqZe0","Akomodasi berlayanan"
"bengkel motor pak uu","4","3","4J99+MMF","Kota Bandung","Jawa Barat","ID",,"","Bengkel Motor Elektrik",,,,,,,,,,"https://www.google.com/maps/search/?api=1&query=bengkel%20motor%20pak%20uu&query_place_id=ChIJbe7Oz_3maC4RcqXkI3wbzIc","Bengkel Motor Elektrik"
"Bengkel Motor Pahlawan BAM","2","1","Jl. Sidomukti No.99c","Kota Bandung","Jawa Barat","ID",,"+62 22 2514545","Bengkel Sepeda Motor",,,,,,,,,,"https://www.google.com/maps/search/?api=1&query=Bengkel%20Motor%20Pahlawan%20BAM&query_place_id=ChIJf8oHvqXnaC4RUcSbPRMmnCA","Bengkel Sepeda Motor"
"bengkel motor Cepi EMRT",,,"Jalan Batu Rengat No.rt 01","Kota Bandung","Jawa Barat","ID",,"+62 895-3290-72332","Bengkel Sepeda Motor",,,,,,,,,,"https://www.google.com/maps/search/?api=1&query=bengkel%20motor%20Cepi%20EMRT&query_place_id=ChIJNdCEIQDnaC4RHFH1WHAW5eo","Bengkel Sepeda Motor"
"Apotek sekeloa dan praktek dokter umum","4.4","36","Jl. Sekeloa No.31","Kota Bandung","Jawa Barat","ID",,"+62 815-4718-4906","Apotek",,,,,,,,,,"https://www.google.com/maps/search/?api=1&query=Apotek%20sekeloa%20dan%20praktek%20dokter%20umum&query_place_id=ChIJUZ4cXgHnaC4RH9Cbv-Uy4Yg","Apotek"
"Apotek Bumi Medika Ganesha","4.3","71","Jl. Gelap Nyawang No.2","Kota Bandung","Jawa Barat","ID","http://yankes.itb.ac.id/","+62 812-9448-8766","Apotek",,,,,,,,,,"https://www.google.com/maps/search/?api=1&query=Apotek%20Bumi%20Medika%20Ganesha&query_place_id=ChIJof7rXlDmaC4RF0Amy7M1rXw","Apotek"
"Custom Part Motor Bandung","4.5","2","Jl. Citepus III No.2","Kota Bandung","Jawa Barat","ID",,"+62 851-7241-0437","Bengkel Sepeda Motor",,,,,,,,,,"https://www.google.com/maps/search/?api=1&query=Custom%20Part%20Motor%20Bandung&query_place_id=ChIJ4yDenQLnaC4RoZoJcdTAPI0","Bengkel Sepeda Motor"
"Apotek","3","2","Ruko Galeri Ciumbuleuit, Jl. Ciumbuleuit No.24, RW.01","Kota Bandung","Jawa Barat","ID",,"","Apotek",,,,,,,,,,"https://www.google.com/maps/search/?api=1&query=Apotek&query_place_id=ChIJA8JBu_bmaC4Rsnj0qD9vhcM","Apotek"
"Planet Ban Jalan Cemara Pasteur","4.3","98","Jl. Cemara No.58 RT/RW 03/01","Kota Bandung","Jawa Barat","ID","https://lokasi.planetban.com/planet-ban-jalan-cemara-pasteur-motorcycle-repair-shop-sukajadi-bandung-393939/Home?utm_source=locator&utm_medium=googleplaces","+62 817-0006-055","Bengkel Sepeda Motor","Bengkel Motor Skuter","Toko Suku Cadang Motor","Layanan ban","Toko Ban",,,,,,"https://www.google.com/maps/search/?api=1&query=Planet%20Ban%20Jalan%20Cemara%20Pasteur&query_place_id=ChIJ13vAgIDnaC4Rm8lTto-7ZnE","Bengkel Sepeda Motor"
"Bengkel Motor","5","2","Jl. Khp Hasan Mustopa No.129","Kota Bandung","Jawa Barat","ID",,"","Bengkel Bongkar Pasang Mesin",,,,,,,,,,"https://www.google.com/maps/search/?api=1&query=Bengkel%20Motor&query_place_id=ChIJpaIeLpTnaC4R3Hw_xD-wsEE","Bengkel Bongkar Pasang Mesin"
"Gtr Racing Team","5","8","Gg. Pelesiran X No.100","Kota Bandung","Jawa Barat","ID","https://www.instagram.com/gtr_racingteam/","+62 896-3048-8858","Bengkel Motor Skuter",,,,,,,,,,"https://www.google.com/maps/search/?api=1&query=Gtr%20Racing%20Team&query_place_id=ChIJ60l5v83laC4RPuDO5jk0Sck","Bengkel Motor Skuter"
"Fajar Motor","5","1","Jl. Sadang Serang No.18","Kota Bandung","Jawa Barat","ID",,"+62 821-1506-0990","Bengkel Sepeda Motor",,,,,,,,,,"https://www.google.com/maps/search/?api=1&query=Fajar%20Motor&query_place_id=ChIJwSfzUarnaC4RdDeUeMNVbRE","Bengkel Sepeda Motor"
"Bengkel Motor Dinasty","1.3","9","Jl. Dr. Setiabudi No.22","Kota Bandung","Jawa Barat","ID",,"","Bengkel Sepeda Motor",,,,,,,,,,"https://www.google.com/maps/search/?api=1&query=Bengkel%20Motor%20Dinasty&query_place_id=ChIJEQmebpnnaC4RfuHq8J8ta7w","Bengkel Sepeda Motor"
"Budi bengkel motor","5","2","Gg. Pancasila No.14","Kota Bandung","Jawa Barat","ID",,"+62 831-1320-6684","Bengkel Sepeda Motor",,,,,,,,,,"https://www.google.com/maps/search/?api=1&query=Budi%20bengkel%20motor&query_place_id=ChIJgbqsJQDnaC4RYymVUtrjTiw","Bengkel Sepeda Motor"
"Bengkel Sukasari Motor","3.5","51","Jl. Suparmin Jl. Sukawarna No.36 a","Kota Bandung","Jawa Barat","ID",,"+62 856-2420-7790","Bengkel Sepeda Motor",,,,,,,,,,"https://www.google.com/maps/search/?api=1&query=Bengkel%20Sukasari%20Motor&query_place_id=ChIJ7fps8vznaC4RCLJv7HrTF6Q","Bengkel Sepeda Motor"
"Bengkel Motor ""Pandawa Motor""","5","1","Jl. Singa Perbangsa No.103-1","Kota Bandung","Jawa Barat","ID",,"","Kantor Perusahaan",,,,,,,,,,"https://www.google.com/maps/search/?api=1&query=Bengkel%20Motor%20%22Pandawa%20Motor%22&query_place_id=ChIJvd0fRgXnaC4R3opHMIM_MKs","Kantor Perusahaan"
"Apotek K24 Gegerkalong","4.4","300","Jl. Gegerkalong Hilir No.58, RT.5/RW.04","Kota Bandung","Jawa Barat","ID","https://www.apotek-k24.com/location/detail/222/K-24-GEGERKALONG-","+62 811-2472-424","Apotek",,,,,,,,,,"https://www.google.com/maps/search/?api=1&query=Apotek%20K24%20Gegerkalong&query_place_id=ChIJYXJ_9ZbmaC4R5q4F3oche-0","Apotek"
"Cikutra Motor","3.9","26","Jl. Cikutra No.201","Kota Bandung","Jawa Barat","ID",,"+62 22 61469395","Bengkel Mobil",,,,,,,,,,"https://www.google.com/maps/search/?api=1&query=Cikutra%20Motor&query_place_id=ChIJ7YbHD6PnaC4R6V4A2JcBLOo","Bengkel Mobil"
"Karya Motor","4.4","13","Jl. Cikutra Barat No.6","Kota Bandung","Jawa Barat","ID","https://youtube.com/andriosamah","+62 852-3445-6428","Bengkel Sepeda Motor",,,,,,,,,,"https://www.google.com/maps/search/?api=1&query=Karya%20Motor&query_place_id=ChIJa8dW6qXnaC4Rd4TMJQPgxZA","Bengkel Sepeda Motor"
"Awank Motor","4.2","12","Jl. Cemara No.75","Kota Bandung","Jawa Barat","ID",,"+62 852-2134-9778","Bengkel Ganti Oli",,,,,,,,,,"https://www.google.com/maps/search/?api=1&query=Awank%20Motor&query_place_id=ChIJIyq8zfTmaC4RhhQrjM0ZjWg","Bengkel Ganti Oli"
"Jok Motor (AG J_team)","4.9","129","Gg. Kubang Sari VII Gg. Flamboyan No.44","Kota Bandung","Jawa Barat","ID",,"+62 822-4477-4200","Toko Suku Cadang Motor",,,,,,,,,,"https://www.google.com/maps/search/?api=1&query=Jok%20Motor%20(AG%20J_team)&query_place_id=ChIJK2xFR1LmaC4RHb-1wGsmoDc","Toko Suku Cadang Motor"
"Bandung Aksesoris","4.4","292","Sebrang Masjid Besar Baitun Nur, Pas depan gerbang GUPUSPAL / GUPUSMU, Jl. Cikutra No.201","Kota Bandung","Jawa Barat","ID",,"+62 853-5196-3096","Toko Suku Cadang Motor","Bengkel Kelistrikan Mobil","Toko Reparasi Lampu","Toko Lampu","Toko Sepeda Motor","Toko Lampu Neon",,,,,"https://www.google.com/maps/search/?api=1&query=Bandung%20Aksesoris&query_place_id=ChIJGZTt3KLnaC4RIUg8oIFMJLY","Toko Suku Cadang Motor"
"Yamaha Bandung Raya","4.2","481","Jl. Dr. Setiabudi No.157","Kota Bandung","Jawa Barat","ID","https://m.facebook.com/pages/yamaha-bandung-raya-motor/699902563370629?rf=573020116089827","+62 811-233-127","Dealer Sepeda Motor","Toko Suku Cadang Motor","Toko Sepeda Motor","Tempat Parkir Sepeda Motor",,,,,,,"https://www.google.com/maps/search/?api=1&query=Yamaha%20Bandung%20Raya&query_place_id=ChIJd1sryJXmaC4RS066OO6JBhY","Dealer Sepeda Motor"
"Nurholis Motor 2","1.3","19","Jl. Cikutra No.232","Kota Bandung","Jawa Barat","ID",,"","Bengkel Motor Skuter",,,,,,,,,,"https://www.google.com/maps/search/?api=1&query=Nurholis%20Motor%202&query_place_id=ChIJJ84rxk_naC4RL8yqicJ-D-M","Bengkel Motor Skuter"
"Amang Bengkel Motor","5","9","4J2W+HRG","Kota Bandung","Jawa Barat","ID",,"","Bengkel Sepeda Motor",,,,,,,,,,"https://www.google.com/maps/search/?api=1&query=Amang%20Bengkel%20Motor&query_place_id=ChIJZ9UMKZTnaC4RmnF6OVrWN0E","Bengkel Sepeda Motor"
"Service Motor","5","2","4H4M+GH7, Jl. Sukawarna","Kota Bandung","Jawa Barat","ID",,"","Bengkel Mobil",,,,,,,,,,"https://www.google.com/maps/search/?api=1&query=Service%20Motor&query_place_id=ChIJPRE_ZXvmaC4RSDrNCztzLVQ","Bengkel Mobil"
"Bengkel Motor Pa Asep","5","2","Jl. Cipedes Tengah","Kota Bandung","Jawa Barat","ID","https://www.tiktok.com/@bengkelpasep?_r=1&_t=ZS-9566j3VOAJs","+62 882-0018-17331","Bengkel Sepeda Motor",,,,,,,,,,"https://www.google.com/maps/search/?api=1&query=Bengkel%20Motor%20Pa%20Asep&query_place_id=ChIJJRuUxZ3naC4RyA8XauY8RVE","Bengkel Sepeda Motor"
"Sumber motor","4.9","8","Kp cihanja jln bukit raya atas, rw10 Jl. Punclut No.rt02","Kota Bandung","Jawa Barat","ID",,"+62 878-2497-9424","Bengkel Sepeda Motor",,,,,,,,,,"https://www.google.com/maps/search/?api=1&query=Sumber%20motor&query_place_id=ChIJUyuqU-3naC4Rzi2hJ0Y8oeY","Bengkel Sepeda Motor"
"Irgi Motor Bandung ( Mekanik Motor Panggilan)","4","9","Jl. Cipaku I No.14","Kota Bandung","Jawa Barat","ID",,"+62 853-1409-7395","Bengkel Sepeda Motor",,,,,,,,,,"https://www.google.com/maps/search/?api=1&query=Irgi%20Motor%20Bandung%20(%20Mekanik%20Motor%20Panggilan)&query_place_id=ChIJ_17yWj3naC4RGvZxlcVNaA0","Bengkel Sepeda Motor"
"Family Motor Bengkel","5","3","Jl. Cimuncang No.43","Kota Bandung","Jawa Barat","ID",,"+62 852-9500-1777","Bengkel Mobil",,,,,,,,,,"https://www.google.com/maps/search/?api=1&query=Family%20Motor%20Bengkel&query_place_id=ChIJH-1KoZbnaC4REdlVXdBQmQE","Bengkel Mobil"
"Panorama Motor","4.5","40","Jl. Dr. Setiabudi No.234","Kota Bandung","Jawa Barat","ID",,"","Bengkel Sepeda Motor",,,,,,,,,,"https://www.google.com/maps/search/?api=1&query=Panorama%20Motor&query_place_id=ChIJxSeE-L7maC4R66rKZool9ck","Bengkel Sepeda Motor"
"Modifikasi Garasi 81","4.9","17","Jl. Cikutra Barat No.81","Kota Bandung","Jawa Barat","ID",,"+62 888-9117-202","Bengkel Sepeda Motor",,,,,,,,,,"https://www.google.com/maps/search/?api=1&query=Modifikasi%20Garasi%2081&query_place_id=ChIJYRwe2q7naC4ROaE3RlgB0Cc","Bengkel Sepeda Motor"
"Honda Mitra Jaya","4.7","1113","Jl. Khp Hasan Mustopa No.27","Kota Bandung","Jawa Barat","ID","https://linktr.ee/hondamitrajayabandung","+62 812-3553-3749","Dealer Sepeda Motor","Bengkel Sepeda Motor",,,,,,,,,"https://www.google.com/maps/search/?api=1&query=Honda%20Mitra%20Jaya&query_place_id=ChIJ5dEEG7vnaC4R29uEeuARcOE","Dealer Sepeda Motor"
"DU Motor","3.2","33","Jl. Dipati Ukur No.232","Kota Bandung","Jawa Barat","ID",,"+62 857-9512-7075","Bengkel Sepeda Motor",,,,,,,,,,"https://www.google.com/maps/search/?api=1&query=DU%20Motor&query_place_id=ChIJUxE1cVTmaC4RG3e6v6i3nBc","Bengkel Sepeda Motor"
"BENGKEL MOTOR PRATAMA","5","9","Jl. Khp Hasan Mustopa No.5","Kota Bandung","Jawa Barat","ID",,"+62 895-4117-39990","Bengkel Sepeda Motor",,,,,,,,,,"https://www.google.com/maps/search/?api=1&query=BENGKEL%20MOTOR%20PRATAMA&query_place_id=ChIJrWz0xdvnaC4RU5WXp1-hQYs","Bengkel Sepeda Motor"
"Cahaya Motor","4.6","5","4J69+FWX, Jl. Tubagus Ismail Dalam","Kota Bandung","Jawa Barat","ID",,"+62 857-1055-7424","Bengkel Sepeda Motor",,,,,,,,,,"https://www.google.com/maps/search/?api=1&query=Cahaya%20Motor&query_place_id=ChIJjRgCGVXmaC4RzxyQc3k5OzQ","Bengkel Sepeda Motor"
"Jawara Bengkel Motor / Cortex","4.5","15","Jl. Surapati No.86","Kota Bandung","Jawa Barat","ID",,"+62 811-2234-185","Bengkel Sepeda Motor",,,,,,,,,,"https://www.google.com/maps/search/?api=1&query=Jawara%20Bengkel%20Motor%20%2F%20Cortex&query_place_id=ChIJS-ge9IvnaC4RFAl9oGN7zdw","Bengkel Sepeda Motor"
"Bengkel motor mocin bandung","1","1","Jl. Gagak No.17, RT.04","Kota Bandung","Jawa Barat","ID",,"+62 821-2925-1474","Bengkel Motor Skuter",,,,,,,,,,"https://www.google.com/maps/search/?api=1&query=Bengkel%20motor%20mocin%20bandung&query_place_id=ChIJI89uKwvnaC4REOhC48OSO-Q","Bengkel Motor Skuter"
"Yamaha D-Aiz Motor","4.5","79","Jl. Padasuka Atas No.113","Kabupaten Bandung","Jawa Barat","ID",,"+62 22 7212515","Bengkel Sepeda Motor",,,,,,,,,,"https://www.google.com/maps/search/?api=1&query=Yamaha%20D-Aiz%20Motor&query_place_id=ChIJDTZqzprnaC4R6Di5it4oQ6s","Bengkel Sepeda Motor"
"Apotek Surapati","4.5","66","Jl. Surapati No.23","Kota Bandung","Jawa Barat","ID",,"+62 22 2502467","Apotek",,,,,,,,,,"https://www.google.com/maps/search/?api=1&query=Apotek%20Surapati&query_place_id=ChIJ3xLW4rLnaC4RVO3bX5c58tM","Apotek"
"PJM(bengkel motor)","4.1","33","Jalan Cemara No.33 Pasteur Kecamatan Sukajadi Sebelah Timur, Jl. Cemara Selatan","Kota Bandung","Jawa Barat","ID",,"+62 813-2031-7898","Bengkel Sepeda Motor",,,,,,,,,,"https://www.google.com/maps/search/?api=1&query=PJM(bengkel%20motor)&query_place_id=ChIJt8mZ2bbnaC4Rfr9b1vXxN0Q","Bengkel Sepeda Motor"
"APOTEK D.U","4.5","13","Jl. Dipati Ukur No.230, RT.007/RW.014","Kota Bandung","Jawa Barat","ID",,"","Apotek",,,,,,,,,,"https://www.google.com/maps/search/?api=1&query=APOTEK%20D.U&query_place_id=ChIJMTHzdlTmaC4R-wvrfegu2Fs","Apotek"
"Apotek Surapati Core","4.8","13","Jl. Anggrek Boulevard No.5","Kota Bandung","Jawa Barat","ID","https://wa.me/62882001853185","+62 882-0018-53185","Apotek",,,,,,,,,,"https://www.google.com/maps/search/?api=1&query=Apotek%20Surapati%20Core&query_place_id=ChIJyVnzJADnaC4RSbZBqKillsE","Apotek"
"Apotek Makka Farma","4.9","34","Jl. Cikutra No.250A","Kota Bandung","Jawa Barat","ID",,"+62 831-5150-0771","Apotek",,,,,,,,,,"https://www.google.com/maps/search/?api=1&query=Apotek%20Makka%20Farma&query_place_id=ChIJs7B7kbbnaC4RGAwIo00KSMw","Apotek"
"Mitra Medika Apotek","4","21","Jl. Trunojoyo No.52","Kota Bandung","Jawa Barat","ID",,"+62 812-8379-3139","Apotek",,,,,,,,,,"https://www.google.com/maps/search/?api=1&query=Mitra%20Medika%20Apotek&query_place_id=ChIJZcwgO0jmaC4Rndqb_GHa9hU","Apotek"
"Bengkel motor","2.3","3","4J44+V8G, Jl. Kebun Binatang","Kota Bandung","Jawa Barat","ID",,"","Bengkel Sepeda Motor",,,,,,,,,,"https://www.google.com/maps/search/?api=1&query=Bengkel%20motor&query_place_id=ChIJJ9I1P47naC4RBBTzGTJzQmY","Bengkel Sepeda Motor"
"BENGKEL MOTOR DS027GARAGE","5","60","Jl. Sirnagalih No.1 no.1","Kota Bandung","Jawa Barat","ID",,"","Bengkel Sepeda Motor",,,,,,,,,,"https://www.google.com/maps/search/?api=1&query=BENGKEL%20MOTOR%20DS027GARAGE&query_place_id=ChIJWyRR5dDnaC4RkjeIsc-zJcw","Bengkel Sepeda Motor"
"Maisan jaya motor","3.8","4","Jl. Cihampelas No.292","Kota Bandung","Jawa Barat","ID",,"+62 898-7188-055","Bengkel Sepeda Motor",,,,,,,,,,"https://www.google.com/maps/search/?api=1&query=Maisan%20jaya%20motor&query_place_id=ChIJAVKeDvbmaC4RvKn11JSLXaE","Bengkel Sepeda Motor"
"Apotek Peduli","3.8","57","Jl. Cikutra No.115","Kota Bandung","Jawa Barat","ID",,"+62 22 7237617","Apotek",,,,,,,,,,"https://www.google.com/maps/search/?api=1&query=Apotek%20Peduli&query_place_id=ChIJNbBQxL3naC4R4l1tJB2EahA","Apotek"
"Apotek Mitra Jaya","4.8","66","Jl. Rereng Wulung No.25","Kota Bandung","Jawa Barat","ID",,"+62 878-4000-4344","Apotek",,,,,,,,,,"https://www.google.com/maps/search/?api=1&query=Apotek%20Mitra%20Jaya&query_place_id=ChIJEyPBjm3naC4RiiZkXo3UM9k","Apotek"
"Apotek ananda pratama","4.9","20","Jl. Tubagus Ismail No.31","Kota Bandung","Jawa Barat","ID",,"","Apotek",,,,,,,,,,"https://www.google.com/maps/search/?api=1&query=Apotek%20ananda%20pratama&query_place_id=ChIJr6mFk1jnaC4RjPl9Tsxs4Ck","Apotek"
"Apotek Heka Bandung","4.8","119","Jl. Khp Hasan Mustopa No.27","Kabupaten Bandung","Jawa Barat","ID","https://shopee.co.id/apotekheka.bandung","+62 877-8418-3134","Apotek",,,,,,,,,,"https://www.google.com/maps/search/?api=1&query=Apotek%20Heka%20Bandung&query_place_id=ChIJsbTkL-znaC4RIH_Qm5qDzhc","Apotek"
"Apotek Nusa Indah","4.4","47","Apotek Nusa Indah samping hotel Neo, Jl. Dipati Ukur dalam No.76","Kota Bandung","Jawa Barat","ID",,"+62 22 2508256","Apotek",,,,,,,,,,"https://www.google.com/maps/search/?api=1&query=Apotek%20Nusa%20Indah&query_place_id=ChIJg5m8LVTmaC4Rk98Lb38q-B0","Apotek"
"Apotek K-24 A.H. Nasution Bandung","4.6","213","Nasution Square Blv, Jl. AH. Nasution Jl. Cikadut No.103 Kav 12","Kota Bandung","Jawa Barat","ID","https://www.apotek-k24.com/location/detail/218/K-24-A.-H.-NASUTION","+62 899-8992-424","Apotek",,,,,,,,,,"https://www.google.com/maps/search/?api=1&query=Apotek%20K-24%20A.H.%20Nasution%20Bandung&query_place_id=ChIJyTWL_IrnaC4RxLRAq_AU-RE","Apotek"
"Apotek Adora Cikutra","4.8","85","Jl. Cikutra Barat No.7","Kota Bandung","Jawa Barat","ID","https://adoraeducare.my.canva.site/","+62 812-3548-3418","Apotek",,,,,,,,,,"https://www.google.com/maps/search/?api=1&query=Apotek%20Adora%20Cikutra&query_place_id=ChIJvexhQdnnaC4RT3UApzqpIsk","Apotek"
"Motor klasik Bandung",,,"Jl. Cihampelas Gg. Margalaksana No.34, RT.03/RW.09","Kota Bandung","Jawa Barat","ID",,"+62 831-1314-0444","Bengkel Sepeda Motor",,,,,,,,,,"https://www.google.com/maps/search/?api=1&query=Motor%20klasik%20Bandung&query_place_id=ChIJMywAEwDnaC4RQcZZYoUrYDQ","Bengkel Sepeda Motor"
"Apotek Kimia Farma 4","4.1","317","Jl. Sulanjana No.4","Kota Bandung","Jawa Barat","ID","http://kimiafarmaapotek.co.id/","+62 811-2157-664","Apotek","Klinik Kesehatan",,,,,,,,,"https://www.google.com/maps/search/?api=1&query=Apotek%20Kimia%20Farma%204&query_place_id=ChIJNeFrifzmaC4RvCbMVqtGv_0","Apotek"
"Apotek H24 Cikutra","4.5","42","Jl. Cikutra Barat No.34","Kota Bandung","Jawa Barat","ID",,"+62 877-2052-8789","Apotek",,,,,,,,,,"https://www.google.com/maps/search/?api=1&query=Apotek%20H24%20Cikutra&query_place_id=ChIJgzI0ImvnaC4Rs1XkMallnVg","Apotek"
"Ahass Top Speed Motor","4.1","579","Jl. Gegerkalong Hilir No.30","Kota Bandung","Jawa Barat","ID",,"+62 851-3515-8278","Bengkel Sepeda Motor",,,,,,,,,,"https://www.google.com/maps/search/?api=1&query=Ahass%20Top%20Speed%20Motor&query_place_id=ChIJv-j_gJbmaC4R4yvxpHaNtys","Bengkel Sepeda Motor"
"HJM Hurip Jaya Motor","3.5","47","Jl. Tubagus Ismail No.29","Kota Bandung","Jawa Barat","ID",,"+62 22 2506225","Bengkel Sepeda Motor",,,,,,,,,,"https://www.google.com/maps/search/?api=1&query=HJM%20Hurip%20Jaya%20Motor&query_place_id=ChIJDcMzD__maC4Rz3SmTr7pXHw","Bengkel Sepeda Motor"
"Kimia Farma 51 Moxy","4.9","130","Jl. Ir. H. Juanda No.69","Kota Bandung","Jawa Barat","ID","http://kimiafarmaapotek.co.id/","+62 811-2157-644","Apotek","Klinik Kesehatan",,,,,,,,,"https://www.google.com/maps/search/?api=1&query=Kimia%20Farma%2051%20Moxy&query_place_id=ChIJ3dIy033naC4RPHbeL00RImw","Apotek"
"Bengkel motor online DOC","4.9","25","Gg. Neglasari V","Kota Bandung","Jawa Barat","ID",,"+62 896-4654-0325","Bengkel Sepeda Motor",,,,,,,,,,"https://www.google.com/maps/search/?api=1&query=Bengkel%20motor%20online%20DOC&query_place_id=ChIJnebecgDnaC4RoMQneQlj9ZU","Bengkel Sepeda Motor"
"2 putra Bengkel motor",,,"4JC5+HMQ, Jl. Sangkuriang","Kota Bandung","Jawa Barat","ID",,"","Bengkel Sepeda Motor",,,,,,,,,,"https://www.google.com/maps/search/?api=1&query=2%20putra%20Bengkel%20motor&query_place_id=ChIJtasfMADnaC4R97aKEP9J3Z4","Bengkel Sepeda Motor"
"Fam Motor","4.5","88","Jl. Gegerkalong Hilir No.56","Kota Bandung","Jawa Barat","ID",,"+62 22 2015611","Bengkel Sepeda Motor",,,,,,,,,,"https://www.google.com/maps/search/?api=1&query=Fam%20Motor&query_place_id=ChIJF0l4r5fmaC4RSTFuQLwFvyQ","Bengkel Sepeda Motor"
"Fas Motor","4.1","35","Jl. Terusan Pak Gatot Raya No.7","Kota Bandung","Jawa Barat","ID",,"+62 857-2287-7822","Bengkel Sepeda Motor",,,,,,,,,,"https://www.google.com/maps/search/?api=1&query=Fas%20Motor&query_place_id=ChIJY-n94LzmaC4RqLGgnEKkywk","Bengkel Sepeda Motor"
"Bengkel Motor Arif All","4.1","24","Dekat Masjid Al-Hidayah, Jalan Kebon Kembang Gang Panca indra No.222 Tamansari","Kota Bandung","Jawa Barat","ID",,"+62 858-2611-2739","Bengkel Sepeda Motor",,,,,,,,,,"https://www.google.com/maps/search/?api=1&query=Bengkel%20Motor%20Arif%20All&query_place_id=ChIJbVmHc0XmaC4R6CI6ybtaIH8","Bengkel Sepeda Motor"
"Planet Ban Cikutra Barat Sadang serang","4.5","365","Jl. Cikutra Barat, RT.006/RW.19, Kelurahan :, Coblong","Kota Bandung","Jawa Barat","ID","https://lokasi.planetban.com/planet-ban-cikutra-barat-sadang-serang-motorcycle-repair-shop-coblong-bandung-389640/Home?utm_source=locator&utm_medium=googleplaces","+62 817-0006-055","Bengkel Sepeda Motor","Bengkel Motor Skuter","Toko Suku Cadang Motor","Layanan ban","Toko Ban",,,,,,"https://www.google.com/maps/search/?api=1&query=Planet%20Ban%20Cikutra%20Barat%20Sadang%20serang&query_place_id=ChIJE5K1HpjnaC4RF6VH15Bq4kw","Bengkel Sepeda Motor"
"Gagak Motor","4.4","46","Jl. Gagak No.11","Kota Bandung","Jawa Barat","ID",,"","Bengkel Sepeda Motor",,,,,,,,,,"https://www.google.com/maps/search/?api=1&query=Gagak%20Motor&query_place_id=ChIJdzRQjLLnaC4RoGhpKD9VFUs","Bengkel Sepeda Motor"
"OKI Motor","4.8","27","Jl. Tubagus Ismail Dalam No.46","Kota Bandung","Jawa Barat","ID",,"+62 823-1834-8781","Bengkel Sepeda Motor",,,,,,,,,,"https://www.google.com/maps/search/?api=1&query=OKI%20Motor&query_place_id=ChIJIVVgwlXmaC4RbKLscUOvqj4","Bengkel Sepeda Motor"
"Samudra Motor","4.5","12","Jl. Cikutra No.233","Kota Bandung","Jawa Barat","ID",,"+62 22 7218253","Bengkel Sepeda Motor","Toko Suku Cadang Motor",,,,,,,,,"https://www.google.com/maps/search/?api=1&query=Samudra%20Motor&query_place_id=ChIJX3jUqqXnaC4RBRBgSPZtd2U","Bengkel Sepeda Motor"
"Apotek Kimia Farma Supratman","4.3","807","Jl. Supratman No.72","Kota Bandung","Jawa Barat","ID","http://kimiafarmaapotek.co.id/","+62 811-2157-640","Apotek","Klinik Medis",,,,,,,,,"https://www.google.com/maps/search/?api=1&query=Apotek%20Kimia%20Farma%20Supratman&query_place_id=ChIJBxJ62snnaC4RcGoc1KgrWYA","Apotek"
"Champion Jaya Motor","3.6","83","Jl. Ciumbuleuit No.39","Kota Bandung","Jawa Barat","ID",,"+62 22 2039018","Bengkel Sepeda Motor",,,,,,,,,,"https://www.google.com/maps/search/?api=1&query=Champion%20Jaya%20Motor&query_place_id=ChIJzYHSr_bmaC4RnsW3WIsLw0M","Bengkel Sepeda Motor"
"Bengkel spesialis komstir motor","4.7","35","Jl. Bojong Koneng No.28","Kota Bandung","Jawa Barat","ID",,"+62 822-9890-3680","Bengkel Sepeda Motor",,,,,,,,,,"https://www.google.com/maps/search/?api=1&query=Bengkel%20spesialis%20komstir%20motor&query_place_id=ChIJf4TQBwDnaC4RC0BqEcUYtGw","Bengkel Sepeda Motor"
"Bengkel Motor UngProject","5","1","4M35+M84, Jl. Jatihandap","Kota Bandung","Jawa Barat","ID","https://www.tiktok.com/@ungproject_?_r=1&_t=ZS-91XOhLEdYe8","+62 812-8757-8681","Bengkel Sepeda Motor",,,,,,,,,,"https://www.google.com/maps/search/?api=1&query=Bengkel%20Motor%20UngProject&query_place_id=ChIJgZX4XQDnaC4RxBjdeZULXVw","Bengkel Sepeda Motor"
"Apotek vee farma","4.7","50","25, Jl. Tamansari No.25 D","Kota Bandung","Jawa Barat","ID",,"+62 821-2055-3155","Apotek",,,,,,,,,,"https://www.google.com/maps/search/?api=1&query=Apotek%20vee%20farma&query_place_id=ChIJ25pNW_PnaC4Rd_VLOvuqoIY","Apotek"
"dnf motorworks","4.6","25","Jl. Siliwangi No.31 A","Kota Bandung","Jawa Barat","ID",,"","Bengkel Sepeda Motor",,,,,,,,,,"https://www.google.com/maps/search/?api=1&query=dnf%20motorworks&query_place_id=ChIJ--mVCSvnaC4REHLnkv28YtQ","Bengkel Sepeda Motor"
"Bengkel Panggilan Bandung","4.6","9","Jl. Cikutra Barat.97A, Cikutra, Kec. Cibeunying Kaler","Kota Bandung","Jawa Barat","ID",,"+62 821-1844-5814","Bengkel Sepeda Motor",,,,,,,,,,"https://www.google.com/maps/search/?api=1&query=Bengkel%20Panggilan%20Bandung&query_place_id=ChIJGQ5UulHnaC4R0y7BTu6g1Ts","Bengkel Sepeda Motor"
"Apotek City Farma","5","2","3MW5+W3R, Jl. Antapani Lama","Kota Bandung","Jawa Barat","ID",,"+62 22 92206579","Apotek",,,,,,,,,,"https://www.google.com/maps/search/?api=1&query=Apotek%20City%20Farma&query_place_id=ChIJ7eP1hY3naC4Rwvk5LkTlt5A","Apotek"
"GarageTechSpeed","4.8","36","Jl. Cisitu Lama gang 4 No.57","Kota Bandung","Jawa Barat","ID",,"+62 898-8688-192","Bengkel Sepeda Motor",,,,,,,,,,"https://www.google.com/maps/search/?api=1&query=GarageTechSpeed&query_place_id=ChIJuytcMfrmaC4RWwz4tj8aERw","Bengkel Sepeda Motor"
"Bengkel motor mas marno","4.9","19","4HFV+RQ5, Jl. Babakan Sukajadi","Kota Bandung","Jawa Barat","ID",,"+62 823-1223-89632","Bengkel Mobil",,,,,,,,,,"https://www.google.com/maps/search/?api=1&query=Bengkel%20motor%20mas%20marno&query_place_id=ChIJZ9uqkannaC4Rx5Hf6RutIxw","Bengkel Mobil"
"Deartofmine & Co.","5","6","Jl. Ir. H. Juanda No.273a","Kota Bandung","Jawa Barat","ID","http://instagram.com/deartofmine","+62 813-2440-0954","Bengkel Sepeda Motor",,,,,,,,,,"https://www.google.com/maps/search/?api=1&query=Deartofmine%20%26%20Co.&query_place_id=ChIJW_JfcfzmaC4RHiFhSNogrHA","Bengkel Sepeda Motor"
"Apotek Cigadung","4.7","84","Jl. Cigadung Raya Timur No.24","Kota Bandung","Jawa Barat","ID","https://wa.me/6285173294232","+62 851-7329-4232","Apotek",,,,,,,,,,"https://www.google.com/maps/search/?api=1&query=Apotek%20Cigadung&query_place_id=ChIJw5GaJb3naC4RVeWvTDxZMVA","Apotek"
"Bengkel Damai Motor 95","5","35","Jl. Sukarajin I No.3 RT 08/13","Kota Bandung","Jawa Barat","ID","https://www.google.com/localservices/preprofile?spp=Cg0vZy8xMXNndmh0NHA4GhQSEgkHKE4mqOdoLhEAQI1NzwulATp8V2hzUUFCQUJFQUlpRTJKbGJtZHJaV3dnWkdGdFlXa2diVzkwYjNLcUFUd1FBU29YSWhOaVpXNW5hMlZzSUdSaGJXRnBJRzF2ZEc5eUtDWXlIeEFCSWh0Rmw1S0xDdnpRVXNwSHdFV2pTS2pmMldobGNlVVVTSzJsUTdJPQ%3D%3D&scp=ChtnY2lkOm1vdG9yY3ljbGVfcmVwYWlyX3Nob3ASFBISCQcoTiao52guEQBAjU3PC6UBGhNiZW5na2VsIGRhbWFpIG1vdG9yIhNiZW5na2VsIGRhbWFpIG1vdG9yKhNiZW5na2VsIGRhbWFpIG1vdG9y&q=bengkel%20damai%20motor&gfved=2ahUKEwip952w8eT9AhURpo4KHX5kB1IQm68HegQIABAa&ved=2ahUKEwip952w8eT9AhURpo4KHX5kB1IQhIwIKAF6BAgAEBk&vet=12ahUKEwip952w8eT9AhURpo4KHX5kB1IQhIwIKAF6BAgAEBk..i&hl=id-ID&gl=id&g2lbs=ALIxsqqQwE_dVvzwN9C1tVYi5llZgyahPkrz6UVanVbOu2yZh-NbLIlL1keYYNtH634Z1rLU62ZScZ1XVWajQmXlBcF9JyEd6FnSXfbiWmbMY8Der24bs1uZeQ5x2","+62 882-1817-4560","Bengkel Sepeda Motor",,,,,,,,,,"https://www.google.com/maps/search/?api=1&query=Bengkel%20Damai%20Motor%2095&query_place_id=ChIJ8Vh0SuXnaC4R0mVhP7gtLyI","Bengkel Sepeda Motor"
"Champion sederhana motor","2.8","30","Bengkel Sederhana Motor, Jl. Sederhana No.32","Kota Bandung","Jawa Barat","ID",,"+62 22 64404031","Bengkel Motor Skuter",,,,,,,,,,"https://www.google.com/maps/search/?api=1&query=Champion%20sederhana%20motor&query_place_id=ChIJAxOEfaXnaC4RyKIdO8SEovM","Bengkel Motor Skuter"
"Sinar Mulia Motor","4.5","92","Jl. Ir. H. Juanda No.331 A","Kota Bandung","Jawa Barat","ID",,"+62 22 2534024","Bengkel Mobil",,,,,,,,,,"https://www.google.com/maps/search/?api=1&query=Sinar%20Mulia%20Motor&query_place_id=ChIJKdlSKePmaC4Rf50g_eC--so","Bengkel Mobil"
"JOKER Variasi + Modifikasi motor Bandung. Rek BCA: . . . . 0176. a/n. Andre Wiguna (selain nama ini palsu).","4.2","321","Jl. Sukamaju No.45","Kota Bandung","Jawa Barat","ID",,"+62 813-2030-8008","Bengkel Sepeda Motor",,,,,,,,,,"https://www.google.com/maps/search/?api=1&query=JOKER%20Variasi%20%2B%20Modifikasi%20motor%20Bandung.%20Rek%20BCA%3A%20.%20.%20.%20.%200176.%20a%2Fn.%20Andre%20Wiguna%20(selain%20nama%20ini%20palsu).&query_place_id=ChIJXSmEs1_maC4R2ld7SxZ8fck","Bengkel Sepeda Motor"
"Bengkel motor Sabila jaya","4.7","160","sebelah hotel moscato, Jl. Raya Lembang","Kota Bandung","Jawa Barat","ID",,"+62 857-2421-7992","Bengkel Sepeda Motor",,,,,,,,,,"https://www.google.com/maps/search/?api=1&query=Bengkel%20motor%20Sabila%20jaya&query_place_id=ChIJ_6oFUNThaC4RTkA0eQWOa9g","Bengkel Sepeda Motor"
"Benz motorsport","5","29","Dago pojok tanggulan","Kota Bandung","Jawa Barat","ID",,"+62 821-2080-3771","Bengkel Sepeda Motor",,,,,,,,,,"https://www.google.com/maps/search/?api=1&query=Benz%20motorsport&query_place_id=ChIJhRdA2-XnaC4RHCsyELEJjNA","Bengkel Sepeda Motor"
"Gm 07 (home garage)bengkel motor","4.9","59","Jl. Mukti","Kota Bandung","Jawa Barat","ID",,"+62 815-5935-535","Bengkel Sepeda Motor",,,,,,,,,,"https://www.google.com/maps/search/?api=1&query=Gm%2007%20(home%20garage)bengkel%20motor&query_place_id=ChIJG4wHGYTnaC4RgqmckjycLu4","Bengkel Sepeda Motor"
"Apotek Tubagus","4.6","342","Jl. Tubagus Ismail No.10","Kota Bandung","Jawa Barat","ID","https://lynk.id/apotektubagus","+62 851-6184-7480","Apotek",,,,,,,,,,"https://www.google.com/maps/search/?api=1&query=Apotek%20Tubagus&query_place_id=ChIJl12vzLHnaC4RhLzV9imaYfg","Apotek"
"Bengkel panggilan mobil dan motor kota bandung jawa barat","4.9","192","jln","Kota Bandung","Jawa Barat","ID","http://www.montirmotordanmobil24jam.com/","+62 895-2688-3592","Montir",,,,,,,,,,"https://www.google.com/maps/search/?api=1&query=Bengkel%20panggilan%20mobil%20dan%20motor%20kota%20bandung%20jawa%20barat&query_place_id=ChIJ9_EW3A7naC4Rc77C96DdQ6Y","Montir"
"Ledeng Motor Bandung","4.5","2139","Jl. Dr. Setiabudi No.237","Kota Bandung","Jawa Barat","ID","http://ledengmotor.com/","+62 878-8555-5071","Bengkel Sepeda Motor","Toko Suku Cadang Mobil","Bengkel Motor Skuter",,,,,,,,"https://www.google.com/maps/search/?api=1&query=Ledeng%20Motor%20Bandung&query_place_id=ChIJX7_Lq7nmaC4RouKBCOYm7ak","Bengkel Sepeda Motor"
"Bengkel motor family 18","3.4","5","depan indomaret pas pangkalan ojeg, Jl. Bojong Koneng","Kota Bandung","Jawa Barat","ID",,"+62 896-3634-3448","Bengkel Sepeda Motor",,,,,,,,,,"https://www.google.com/maps/search/?api=1&query=Bengkel%20motor%20family%2018&query_place_id=ChIJ1dfxWQDnaC4RA_5Qr_Ljst8","Bengkel Sepeda Motor"
"Fen Motor 52","4.5","34","Jl. Pelesiran No.52","Kota Bandung","Jawa Barat","ID",,"+62 813-2279-7767","Bengkel Sepeda Motor",,,,,,,,,,"https://www.google.com/maps/search/?api=1&query=Fen%20Motor%2052&query_place_id=ChIJGz8FHVvmaC4R-3biWAQyHdE","Bengkel Sepeda Motor"
"Sinar Motor","4","74","Jalan TBS. Ismail No.1 A","Kota Bandung","Jawa Barat","ID",,"+62 882-1838-8499","Bengkel Sepeda Motor",,,,,,,,,,"https://www.google.com/maps/search/?api=1&query=Sinar%20Motor&query_place_id=ChIJBedu86rnaC4R9ymwGzNOnvM","Bengkel Sepeda Motor"
"Surapati Motor","3.9","102","Jl. Surapati No.153","Kota Bandung","Jawa Barat","ID",,"","Bengkel Sepeda Motor",,,,,,,,,,"https://www.google.com/maps/search/?api=1&query=Surapati%20Motor&query_place_id=ChIJZVLUDLHnaC4RCqevjsDn4XI","Bengkel Sepeda Motor"
"Chibenk Motor","4.6","119","Jl. Cikutra Barat No.46","Kota Bandung","Jawa Barat","ID",,"","Bengkel Sepeda Motor","Toko Suku Cadang Motor","Layanan reparasi",,,,,,,,"https://www.google.com/maps/search/?api=1&query=Chibenk%20Motor&query_place_id=ChIJYRzYRa_naC4RJH5NjJlLiEM","Bengkel Sepeda Motor"
"Dipoera87 Motor Sport","4.5","63","Jl. Sadang Saip No.88","Kota Bandung","Jawa Barat","ID",,"+62 857-7077-8092","Bengkel Sepeda Motor",,,,,,,,,,"https://www.google.com/maps/search/?api=1&query=Dipoera87%20Motor%20Sport&query_place_id=ChIJGz2F2qznaC4RqBKN3uRu850","Bengkel Sepeda Motor"
"SRB.MOTOR (bengkel yusup)","4.9","48","4J2Q+2RQ, Gg. Suka Bersih","Kota Bandung","Jawa Barat","ID",,"+62 851-7314-6130","Bengkel Sepeda Motor",,,,,,,,,,"https://www.google.com/maps/search/?api=1&query=SRB.MOTOR%20(bengkel%20yusup)&query_place_id=ChIJF8Ukl9XnaC4Rv6urAdc5FJc","Bengkel Sepeda Motor"
"Nur Cholis Motor","4.1","212","Jl. Cikutra No.256","Kota Bandung","Jawa Barat","ID",,"+62 878-7768-9445","Bengkel Sepeda Motor",,,,,,,,,,"https://www.google.com/maps/search/?api=1&query=Nur%20Cholis%20Motor&query_place_id=ChIJR4HnxKLnaC4RGWZaKZsKzJY","Bengkel Sepeda Motor"
"Bengkel mobil panggilan bandung 24 jam (RJ AUTO CAR)","4.8","74","Jl.djunjunan No.154","Kota Bandung","Jawa Barat","ID","https://maps.app.goo.gl/iJeGbrikSY9tmyor6?g_st=aw","+62 895-3958-64950","Bengkel Mobil",,,,,,,,,,"https://www.google.com/maps/search/?api=1&query=Bengkel%20mobil%20panggilan%20bandung%2024%20jam%20(RJ%20AUTO%20CAR)&query_place_id=ChIJtWtMRg3naC4RBWqL6nJ8Uec","Bengkel Mobil"
"Gins motor","4.9","38","Jl. Gama No.88m, RT.03/RW.05","Kota Bandung","Jawa Barat","ID",,"+62 882-1462-3207","Bengkel Sepeda Motor",,,,,,,,,,"https://www.google.com/maps/search/?api=1&query=Gins%20motor&query_place_id=ChIJ3TwoBADnaC4RjZJg6jm-H9Q","Bengkel Sepeda Motor"
"Palem Motor Bandung","4.9","15","Jl. Sadang Serang","Kota Bandung","Jawa Barat","ID",,"","Bengkel Sepeda Motor",,,,,,,,,,"https://www.google.com/maps/search/?api=1&query=Palem%20Motor%20Bandung&query_place_id=ChIJzxi4S6rnaC4RU4Vq02Rz7Dg","Bengkel Sepeda Motor"
"Bengkel Motor Abila Pratama / Abila Pratama Motor",,"35",,,,,,"",,,,,,,,,,,"https://www.google.com/maps/search/?api=1&query=Bengkel%20Motor%20Abila%20Pratama%20%2F%20Abila%20Pratama%20Motor&query_place_id=ChIJoSjm_vDnaC4RTZHEvQKloRU",
"Top Jaya Motor","4.1","32","Jl. Ir. H. Juanda No.413","Kota Bandung","Jawa Barat","ID",,"+62 878-2193-0646","Bengkel Motor Elektrik",,,,,,,,,,"https://www.google.com/maps/search/?api=1&query=Top%20Jaya%20Motor&query_place_id=ChIJsZGMO-DmaC4RvHyC1dMCrDA","Bengkel Motor Elektrik"
"Championship Motor","3.6","278","4J77+MW6, Jl. Tubagus Ismail","Kota Bandung","Jawa Barat","ID","http://www.pinkclips.com/","+62 22 2504233","Bengkel Sepeda Motor","Toko",,,,,,,,,"https://www.google.com/maps/search/?api=1&query=Championship%20Motor&query_place_id=ChIJUbiUuPjmaC4RT_JT00OIcrM","Bengkel Sepeda Motor"
"Auto Jaya Motor","4.8","148","Jl. Cikutra Barat No.27","Kota Bandung","Jawa Barat","ID",,"+62 822-1323-1000","Bengkel Sepeda Motor",,,,,,,,,,"https://www.google.com/maps/search/?api=1&query=Auto%20Jaya%20Motor&query_place_id=ChIJgUt5XK_naC4Rk1z_mzD-unE","Bengkel Sepeda Motor"
"Bengkel CTS","4.6","103","4J69+FHJ, Jl. Sekeloa Sel. I No.1","Kota Bandung","Jawa Barat","ID","http://shopee.co.id/bengkelcts","+62 821-1921-8286","Bengkel Sepeda Motor","Tempat Ibadah",,,,,,,,,"https://www.google.com/maps/search/?api=1&query=Bengkel%20CTS&query_place_id=ChIJTeGEBlXmaC4R-bhUU0hGLcI","Bengkel Sepeda Motor"
"Dewa Motor Indonesia - Cikutra Barat, Bandung","5","9","Jl. Cikutra Barat No.123","Kota Bandung","Jawa Barat","ID","https://dewamotor.com/","","Bengkel Sepeda Motor",,,,,,,,,,"https://www.google.com/maps/search/?api=1&query=Dewa%20Motor%20Indonesia%20-%20Cikutra%20Barat%2C%20Bandung&query_place_id=ChIJncxpbgDnaC4R2aEdmaGofSo","Bengkel Sepeda Motor"
"Montir Mobil Panggilan 24 Jam Bandung Pramudana Motor","4.9","54","Jl. Dr. Setiabudi No.254","Kota Bandung","Jawa Barat","ID","http://www.montirmobilpanggilan22.web.id/","+62 896-6821-6861","Montir",,,,,,,,,,"https://www.google.com/maps/search/?api=1&query=Montir%20Mobil%20Panggilan%2024%20Jam%20Bandung%20Pramudana%20Motor&query_place_id=ChIJJXmG9XzlaC4RxjRe0TZPNcw","Montir"
"Hadi Motor Bandung","4.4","152","Jl. Khp Hasan Mustopa No.153","Kota Bandung","Jawa Barat","ID",,"+62 22 7200108 ext. 7232403","Bengkel Mobil","Bengkel Mobil Antik","Bengkel Rem","Toko Aki Mobil","Layanan reparasi","Toko Ban",,,,,"https://www.google.com/maps/search/?api=1&query=Hadi%20Motor%20Bandung&query_place_id=ChIJTcpN7pPnaC4RpvkiDwQnfik","Bengkel Mobil"
"YANK MOTOR","3.1","282","Jl. Cikutra No.158-138","Kota Bandung","Jawa Barat","ID",,"","Toko",,,,,,,,,,"https://www.google.com/maps/search/?api=1&query=YANK%20MOTOR&query_place_id=ChIJ-8jR7J7naC4RCMoGxpdKb5c","Toko"
"batara motor","4.9","37","Jalan gagak 45, Jl. Gagak No.45","Kota Bandung","Jawa Barat","ID",,"","Bengkel Sepeda Motor",,,,,,,,,,"https://www.google.com/maps/search/?api=1&query=batara%20motor&query_place_id=ChIJU_-DIo7naC4R5XfC-q-xdhc","Bengkel Sepeda Motor"
"MI Tech (Rakit PC Bandung)","5","92","Jl. Alkateri Gg. Masjid Jami Al-Falah No.275/13D, RT.04/RW.01","Kota Bandung","Jawa Barat","ID","https://www.youtube.com/channel/UCvYazsgq34O7gSi2vpV_x5Q","+62 857-3013-3690","Toko Komputer",,,,,,,,,,"https://www.google.com/maps/search/?api=1&query=MI%20Tech%20(Rakit%20PC%20Bandung)&query_place_id=ChIJYxS5WrnnaC4RfmHh-llHYYo","Toko Komputer"
"Service Laptop Bandung (GawaiKita)","4.9","1414","Jalan traktor 123 dekat cicukang belakang kantor PU ujung berung","Kota Bandung","Jawa Barat","ID","https://gawaikita.com/","+62 811-2221-201","Toko Komputer","Servis Komputer","Layanan reparasi",,,,,,,,"https://www.google.com/maps/search/?api=1&query=Service%20Laptop%20Bandung%20(GawaiKita)&query_place_id=ChIJKawQGtLnaC4RiL_SvWUHAlc","Toko Komputer"
"Veezee Computindo","4.5","11","Komplek Graha Pesona, Jl. Pesona II No.B15","Kota Bandung","Jawa Barat","ID","https://linktr.ee/veezeecomp","+62 822-2777-4317","Toko Komputer","Grosir komputer",,,,,,,,,"https://www.google.com/maps/search/?api=1&query=Veezee%20Computindo&query_place_id=ChIJtb1dpkbdaC4RQ5Bj8vYDLHk","Toko Komputer"
"Star Jaya Motor","2.3","51","Jl. Cikutra Barat No.75","Kota Bandung","Jawa Barat","ID",,"+62 22 91151771","Bengkel Sepeda Motor",,,,,,,,,,"https://www.google.com/maps/search/?api=1&query=Star%20Jaya%20Motor&query_place_id=ChIJmbl32K7naC4RygwCn2I6B-w","Bengkel Sepeda Motor"
"Santika Agrapana Tech","4.9","79","Jl. Setra Dago Raya No.7","Kota Bandung","Jawa Barat","ID","https://www.tokopedia.com/agrapana-tech","+62 878-2333-8246","Toko Komputer",,,,,,,,,,"https://www.google.com/maps/search/?api=1&query=Santika%20Agrapana%20Tech&query_place_id=ChIJv_EbVZbnaC4RcQydavLIztk","Toko Komputer"
"Sentral Motor","4.7","70","Jl. Cikondang No.1 A","Kota Bandung","Jawa Barat","ID",,"+62 22 2500489","Bengkel Sepeda Motor",,,,,,,,,,"https://www.google.com/maps/search/?api=1&query=Sentral%20Motor&query_place_id=ChIJqYPmKK_naC4RnBWDT_Pumvo","Bengkel Sepeda Motor"
"Pacific Computer Bandung","4.9","13","Jalan Jenderal Ahmad Yani No.238, Komplek Pertokoan Jaya Plaza Lantai Dasar, Blok i. 1","Kota Bandung","Jawa Barat","ID",,"+62 813-1246-7573","Toko Komputer","Servis Komputer",,,,,,,,,"https://www.google.com/maps/search/?api=1&query=Pacific%20Computer%20Bandung&query_place_id=ChIJJfNDCdLnaC4RIXIAbvE36NE","Toko Komputer"
"MSI Store by Sakura","4.6","80","Istana Bandung Electronic Centre 2, Jl. Purnawarman No.13-15 Lantai 2 blok Z-07","Kota Bandung","Jawa Barat","ID",,"+62 811-2143-839","Toko Komputer",,,,,,,,,,"https://www.google.com/maps/search/?api=1&query=MSI%20Store%20by%20Sakura&query_place_id=ChIJez7XDzjmaC4R3wh6r9MsOWc","Toko Komputer"
"GMP Comp / Golden Multi Prima / Game Mod Prime ( Marketplace)","4.7","30","Jl. A. Yani No.330","Kota Bandung","Jawa Barat","ID","https://lynk.id/gmp","+62 877-8450-6868","Toko Komputer","Toko Aksesori Komputer",,,,,,,,,"https://www.google.com/maps/search/?api=1&query=GMP%20Comp%20%2F%20Golden%20Multi%20Prima%20%2F%20Game%20Mod%20Prime%20(%20Marketplace)&query_place_id=ChIJc9FlwCHmaC4RHTjkbGBVrIA","Toko Komputer"
"Wariz Notebook Bandung store","5","34","Jl ibrahim adjie no 47 BTM (Bandung Trade Mall) Cicadas lt 2 Blok AA03 BTM Cicadas lantai 2 Blok AA No 03","Kota Bandung","Jawa Barat","ID",,"+62 813-2405-8460","Toko Komputer",,,,,,,,,,"https://www.google.com/maps/search/?api=1&query=Wariz%20Notebook%20Bandung%20store&query_place_id=ChIJITpuzVDpaC4Rfjg7DcTC8XY","Toko Komputer"
"bandung laptop service ( jual beli laptop - service laptop - sparepart laptop)","4.9","87","MALL ISTANA, Bandung Electronic Center, lantai 2 blok t29","Kota Bandung","Jawa Barat","ID",,"+62 815-7332-7735","Servis Komputer","Toko Aksesori Komputer","Jasa Reparasi Komputer","Toko Komputer","Jasa perbaikan mesin",,,,,,"https://www.google.com/maps/search/?api=1&query=bandung%20laptop%20service%20(%20jual%20beli%20laptop%20-%20service%20laptop%20-%20sparepart%20laptop)&query_place_id=ChIJd8xVAiznaC4Rc8DbNJZQ9Rs","Servis Komputer"
"Makmur Jaya Motor","5","27","Jl. PHH Mustofa No129 B, Cibeunying Kaler","Kota Bandung","Jawa Barat","ID",,"+62 878-2132-1479","Bengkel Sepeda Motor",,,,,,,,,,"https://www.google.com/maps/search/?api=1&query=Makmur%20Jaya%20Motor&query_place_id=ChIJ_SVF0ZXnaC4RT9ecJ93weGc","Bengkel Sepeda Motor"
"Bengkel Honda AHASS 06541 Sampurna Motor Bandung","4.9","1118","Jl. Surapati No.185","Kota Bandung","Jawa Barat","ID",,"+62 22 2504675","Bengkel Sepeda Motor",,,,,,,,,,"https://www.google.com/maps/search/?api=1&query=Bengkel%20Honda%20AHASS%2006541%20Sampurna%20Motor%20Bandung&query_place_id=ChIJZRgGT1HnaC4RmCQw-6aQX4I","Bengkel Sepeda Motor"
"Frontcomp - Toko Komputer Bandung","4.6","16","Komp.Jaya Plaza, Jl. A. Yani No.238 Lantai 1, Blok D1","Kota Bandung","Jawa Barat","ID","https://tk.tokopedia.com/ZSSpJdeHU/","+62 895-1230-8009","Toko Komputer",,,,,,,,,,"https://www.google.com/maps/search/?api=1&query=Frontcomp%20-%20Toko%20Komputer%20Bandung&query_place_id=ChIJYyd-ENLnaC4RUNQJUHGVE4k","Toko Komputer"
"Bhineka Global Solutions Bandung","5","2","Jl. Soekarno Hatta, Ruko Jl. MTC Barat No.590 Blok H","Kota Bandung","Jawa Barat","ID","https://bhinekaglobalsolutions.com/","+62 813-8042-9056","Toko Komputer",,,,,,,,,,"https://www.google.com/maps/search/?api=1&query=Bhineka%20Global%20Solutions%20Bandung&query_place_id=ChIJhYwAfrfpaC4R2tzBmlkZbms","Toko Komputer"
"Indo Rental Bandung","4.8","30","Jalan Soekarno Hatta. 590, Ruko MIM BLOK H. 55","Kota Bandung","Jawa Barat","ID","https://www.indorentalmedia.com/","+62 812-2888-4845","Toko Komputer",,,,,,,,,,"https://www.google.com/maps/search/?api=1&query=Indo%20Rental%20Bandung&query_place_id=ChIJszWXnxnoaC4R9HfmQXQyzRc","Toko Komputer"
"Dan's Komputer","4.1","9","Jl. Ciwastra Ruko A 3 No.147","Kota Bandung","Jawa Barat","ID",,"+62 895-2502-2211","Toko Komputer",,,,,,,,,,"https://www.google.com/maps/search/?api=1&query=Dan's%20Komputer&query_place_id=ChIJm7AfujroaC4RoqCn_tM7wyI","Toko Komputer"
"GT Computer","3.2","29","Kompel Setradago Blok IV No 1","Kota Bandung","Jawa Barat","ID","https://shopee.co.id/shop/98542647/?page=0","+62 812-2226-9501","Toko Komputer",,,,,,,,,,"https://www.google.com/maps/search/?api=1&query=GT%20Computer&query_place_id=ChIJvRMnVS3naC4RieDoV3tWBQU","Toko Komputer"
"TJ MOTOR","5","15","3JXV+XF6, Jl. Khp Hasan Mustopa","Kota Bandung","Jawa Barat","ID",,"+62 831-3137-3532","Bengkel Sepeda Motor",,,,,,,,,,"https://www.google.com/maps/search/?api=1&query=TJ%20MOTOR&query_place_id=ChIJtQYbddnnaC4RxMOpVFXJ68Y","Bengkel Sepeda Motor"
"Issota Store","5","1","Jl. Ciwastra No.82A","Kota Bandung","Jawa Barat","ID",,"+62 878-2451-8565","Toko Komputer",,,,,,,,,,"https://www.google.com/maps/search/?api=1&query=Issota%20Store&query_place_id=ChIJlSES_i_oaC4R0Ot4yWlB8dk","Toko Komputer"
"XT komputer","3.8","32","Jl. Arcamanik Endah No.127","Kota Bandung","Jawa Barat","ID","https://tokopedia.link/pvUXnd3IzCb","+62 821-1536-4446","Toko Komputer","Layanan dan Dukungan Komputer","Toko Komputer Bekas",,,,,,,,"https://www.google.com/maps/search/?api=1&query=XT%20komputer&query_place_id=ChIJu-ly8y_daC4RQ0fBZ188oYo","Toko Komputer"
"AA Computer Bandung","5","178","Bandung Trade Mall, Jl. Ibrahim Adjie No.47","Kota Bandung","Jawa Barat","ID","https://sites.google.com/view/aa-computer-bandung/beranda","+62 896-6447-7562","Toko Komputer",,,,,,,,,,"https://www.google.com/maps/search/?api=1&query=AA%20Computer%20Bandung&query_place_id=ChIJy_6BLOLvaC4RYKbviJ8Kf48","Toko Komputer"
"PT.Gallery Notebook Indonesia","4.8","24","Jl. Madani Regency No.B7","Kota Bandung","Jawa Barat","ID",,"+62 811-2001-307","Toko Elektronik",,,,,,,,,,"https://www.google.com/maps/search/?api=1&query=PT.Gallery%20Notebook%20Indonesia&query_place_id=ChIJ9WTPgMLnaC4Rml6wn_KnrRE","Toko Elektronik"
"AGRES ID BANDUNG ELECTRONIC CENTER 3","5","296","Istana BEC, Jl. Purnawarman No.13-15 Lantai 1 Blok D01","Kota Bandung","Jawa Barat","ID",,"+62 811-1997-2604","Toko Komputer",,,,,,,,,,"https://www.google.com/maps/search/?api=1&query=AGRES%20ID%20BANDUNG%20ELECTRONIC%20CENTER%203&query_place_id=ChIJNdnRzXLnaC4RGVCa8WrBL9c","Toko Komputer"
"Raja Laptop x Eksklusif Komputer","5","23","Istana BEC, Jl. Purnawarman No.13-15 LANTAI 2 BLOK R2","Kota Bandung","Jawa Barat","ID","https://id.shp.ee/H78d1Uk","+62 819-0102-5421","Toko Elektronik","Toko Komputer",,,,,,,,,"https://www.google.com/maps/search/?api=1&query=Raja%20Laptop%20x%20Eksklusif%20Komputer&query_place_id=ChIJaZUOu4HnaC4RlFxMOjYVqVQ","Toko Elektronik"
"BRADER COMPUTER (Jual Beli & Service Laptop)","4.6","52","BEC MALL, Jl. Purnawarman No.13-15 LT.2 BLOK T28","Kota Bandung","Jawa Barat","ID","http://bandungservicelaptop.com/","+62 821-1828-7963","Toko Komputer","Jasa Reparasi Komputer",,,,,,,,,"https://www.google.com/maps/search/?api=1&query=BRADER%20COMPUTER%20(Jual%20Beli%20%26%20Service%20Laptop)&query_place_id=ChIJVUhMlBHnaC4RDGk_K41lEhg","Toko Komputer"
"Retail Solution BEC","4","42","RETAIL SOLUTION Istana BEC Bandung Elektronik Center lantai 1 blok A-11, Jl. Purnawarman No.13-15","Kota Bandung","Jawa Barat","ID","http://www.tokopedia.com/retailsolution","+62 813-9488-8677","Toko Komputer",,,,,,,,,,"https://www.google.com/maps/search/?api=1&query=Retail%20Solution%20BEC&query_place_id=ChIJ4XKNDzjmaC4RGxlBd97IRG0","Toko Komputer"
"Jual-Beli Laptop di Bandung (Hatena ReTech)","4.9","59","Jl. Griya Sukaati No.13","Kota Bandung","Jawa Barat","ID","https://wa.me/6282317959708","+62 823-1795-9708","Toko Komputer Bekas","Toko Aksesori Komputer","Klub komputer","Konsultan Komputer","Jasa Reparasi Komputer","Servis Komputer","Toko Software Komputer","Toko Komputer","Layanan dan Dukungan Komputer","Grosir komputer","https://www.google.com/maps/search/?api=1&query=Jual-Beli%20Laptop%20di%20Bandung%20(Hatena%20ReTech)&query_place_id=ChIJSVTE3LvpaC4R5C-4u9y95to","Toko Komputer Bekas"
"GX COMPUTER","4.7","119","Ruko Segitiga Emas Kosambi, Jl. A. Yani No.c05","Kota Bandung","Jawa Barat","ID","http://tokopedia.com/gxcompbandung","+62 877-7444-1999","Toko Komputer",,,,,,,,,,"https://www.google.com/maps/search/?api=1&query=GX%20COMPUTER&query_place_id=ChIJk4gjtGLnaC4RqyNP2zNrtgg","Toko Komputer"
"Platinum Store | Bandung","5","124","Jl. Kartini No.9","Kota Bandung","Jawa Barat","ID","https://platinumkomputer.com/","+62 821-3153-5370","Toko Elektronik","Toko Komputer",,,,,,,,,"https://www.google.com/maps/search/?api=1&query=Platinum%20Store%20%7C%20Bandung&query_place_id=ChIJaUDn7i3maC4RDoZO2aSXn_g","Toko Elektronik"
"AL - AZIZ Computer","4.6","45","Pertokoan Jaya Plaza, 7 Jl. A. Yani No.238 L1 BLOK H6","Kota Bandung","Jawa Barat","ID",,"+62 813-1396-1069","Toko Komputer",,,,,,,,,,"https://www.google.com/maps/search/?api=1&query=AL%20-%20AZIZ%20Computer&query_place_id=ChIJO0F2ENLnaC4RHRsMRwMXo0Y","Toko Komputer"
"Prima Parahyangan Computer","4.2","180","Jl. Cijagra No.11","Kota Bandung","Jawa Barat","ID",,"+62 812-1274-3092","Toko Elektronik",,,,,,,,,,"https://www.google.com/maps/search/?api=1&query=Prima%20Parahyangan%20Computer&query_place_id=ChIJ85s0NGHoaC4RE5kIcsEO3-Q","Toko Elektronik"
"Service Laptop Computer & Printer serta Aneka Sparepart Original Murah Repoeblic Comp 2","4.8","16","Jl. Desa Cipadung Jl. Rumah Cemara No.Depan","Kota Bandung","Jawa Barat","ID",,"+62 896-7535-8899","Toko Komputer","Toko Aksesori Komputer","Servis Komputer","Grosir komputer",,,,,,,"https://www.google.com/maps/search/?api=1&query=Service%20Laptop%20Computer%20%26%20Printer%20serta%20Aneka%20Sparepart%20Original%20Murah%20Repoeblic%20Comp%202&query_place_id=ChIJd_Zacp7daC4RJUOUVXEM7_w","Toko Komputer"
"Dedas Computer Bandung","5","3","Jalan H. Ibrahim Adjie No.47, Bandung Trade Mall, Lantai 2, Blok AA.14, RW.15","Kota Bandung","Jawa Barat","ID",,"+62 813-1340-0071","Toko Komputer",,,,,,,,,,"https://www.google.com/maps/search/?api=1&query=Dedas%20Computer%20Bandung&query_place_id=ChIJobYV9sHnaC4RBLyY2fDsiHQ","Toko Komputer"
"Next Level Computer","5","169","Lt 1 Blok T06 - T07, BEC, Jl. Purnawarman No.7-11/13-15","Kota Bandung","Jawa Barat","ID","https://www.tokopedia.com/nextlevelbec","+62 877-2331-7051","Toko Komputer",,,,,,,,,,"https://www.google.com/maps/search/?api=1&query=Next%20Level%20Computer&query_place_id=ChIJ6wG_vH_naC4RWDTpBnKyUsk","Toko Komputer"
"Micromedia BEC","4.3","35","istana bandung electronic center, Jl. Purnawarman Lt.1 Blok E.08 E.09 no","Kota Bandung","Jawa Barat","ID",,"+62 22 4200591","Toko Komputer",,,,,,,,,,"https://www.google.com/maps/search/?api=1&query=Micromedia%20BEC&query_place_id=ChIJ2wzkCDjmaC4RiU6IAypceSU","Toko Komputer"
"Jual Beli Laptop Notebook Macbook Bekas di Bandung","3.9","60","Ruko, Jl. Saturnus Raya No.46","Kota Bandung","Jawa Barat","ID",,"+62 818-630-662","Toko Komputer Bekas",,,,,,,,,,"https://www.google.com/maps/search/?api=1&query=Jual%20Beli%20Laptop%20Notebook%20Macbook%20Bekas%20di%20Bandung&query_place_id=ChIJV4ax0iPoaC4RuwUNmxmEbKA","Toko Komputer Bekas"
"AGRES ID BANDUNG ELECTRONIC CENTRE 1 (LAPTOP SPESIALIS)","5","442","BANDUNG ELECTRONIC CENTER, LANTAI 1 BLOK T09-T10","Kota Bandung","Jawa Barat","ID","https://agresidbandung01.taplink.id/","+62 811-1902-9221","Toko Komputer",,,,,,,,,,"https://www.google.com/maps/search/?api=1&query=AGRES%20ID%20BANDUNG%20ELECTRONIC%20CENTRE%201%20(LAPTOP%20SPESIALIS)&query_place_id=ChIJl5pMVcXnaC4R7TxFD5H6IWc","Toko Komputer"
"siliconONE Computer","4.6","188","Jl. Lengkong Kecil No.45A","Kota Bandung","Jawa Barat","ID","http://www.thesystemone.com/","+62 822-4040-8020","Toko Komputer",,,,,,,,,,"https://www.google.com/maps/search/?api=1&query=siliconONE%20Computer&query_place_id=ChIJ_QneSynmaC4R2Q_FHPGYtvQ","Toko Komputer"
"NK.Computer","4.6","10","Bandung Trade Mall, Jl. Kiara Condong","Kota Bandung","Jawa Barat","ID","http://www.tokopedia.com/nk-comp","+62 859-5047-5301","Toko",,,,,,,,,,"https://www.google.com/maps/search/?api=1&query=NK.Computer&query_place_id=ChIJs1oY2jrlaC4R1jStk1ys07Y","Toko"
"Vin Computer Bandung","5","11","Jaya Plaza Jalan Jendral Ahmad Yani No.238 Lt 1 blok H 10","Kota Bandung","Jawa Barat","ID","https://www.tokopedia.com/vincomputerbandu","+62 822-1900-0184","Toko Komputer",,,,,,,,,,"https://www.google.com/maps/search/?api=1&query=Vin%20Computer%20Bandung&query_place_id=ChIJvQIy0yXnaC4RAeM0kkv14QU","Toko Komputer"
"Laptop Square BEC","4.8","54","Jl. Purnawarman bec lama Lantai 1 blok h16","Kota Bandung","Jawa Barat","ID",,"+62 821-1089-8948","Toko Komputer",,,,,,,,,,"https://www.google.com/maps/search/?api=1&query=Laptop%20Square%20BEC&query_place_id=ChIJ_WcICTjmaC4RxSVKUM38HVs","Toko Komputer"
"Tempat Service Laptop | Spartpart | di Bandung Bisa Tunggu | ELECTROLABS","4.9","925","Mall Istana BEC Bandung. Lantai 2. Blok - W. 11, Jl. Purnawarman No.13-17","Kota Bandung","Jawa Barat","ID","http://electrolabs.org/?utm_source=gmb&utm_medium=referral","+62 811-2127-979","Toko Komputer","Servis Komputer","Layanan reparasi",,,,,,,,"https://www.google.com/maps/search/?api=1&query=Tempat%20Service%20Laptop%20%7C%20Spartpart%20%7C%20di%20Bandung%20Bisa%20Tunggu%20%7C%20ELECTROLABS&query_place_id=ChIJgdPXR-yTd0ARXzF7IPHspjI","Toko Komputer"
"Space Computer (Jual Beli & Service Laptop Komputer Bandung)","5","44","Ruko Monokrom 89, Jl. H. Sugandi Raya No.01","Kota Bandung","Jawa Barat","ID","https://www.instagram.com/space_computerbdg?igsh=MW90Z2RvejIyZDYyaA==","+62 896-1383-8606","Servis Komputer","Toko Aksesori Komputer","Jasa Reparasi Komputer","Toko Software Komputer","Toko Komputer Bekas",,,,,,"https://www.google.com/maps/search/?api=1&query=Space%20Computer%20(Jual%20Beli%20%26%20Service%20Laptop%20Komputer%20Bandung)&query_place_id=ChIJzwTL8DfDaC4RW1xwWbHXJ-w","Servis Komputer"
"Jasob Komputer (Servis Komputer/Laptop)","5","100","Jl. Desa Cipadung No.2, RT.02/RW.13","Kota Bandung","Jawa Barat","ID",,"+62 852-2377-7354","Servis Komputer","Toko Komputer",,,,,,,,,"https://www.google.com/maps/search/?api=1&query=Jasob%20Komputer%20(Servis%20Komputer%2FLaptop)&query_place_id=ChIJcwEUO7XDaC4RpjLnxNNOlFQ","Servis Komputer"
"Format Komputer Bandung","5","1","jalan parahyangan no.18, komp. panghegar permai I, ujung berung, Jl. Parahyangan No.16","Kota Bandung","Jawa Barat","ID","http://format-komputer-bandung.blogspot.co.id/p/kontak.html","+62 857-2126-1437","Toko Komputer","Servis Komputer","Toko Software Komputer","Layanan dan Dukungan Komputer",,,,,,,"https://www.google.com/maps/search/?api=1&query=Format%20Komputer%20Bandung&query_place_id=ChIJN0p0yDLdaC4Rx8j7PHYclmU","Toko Komputer"
"SERVICE LAPTOP BANDUNG ( UFO COMPUTER )","5","12","Jl. M.A. Winata No.20, RT.02/RW.08","Kota Bandung","Jawa Barat","ID","http://www.specialist-notebook.blogspot.com/","+62 813-1291-0242","Toko Komputer",,,,,,,,,,"https://www.google.com/maps/search/?api=1&query=SERVICE%20LAPTOP%20BANDUNG%20(%20UFO%20COMPUTER%20)&query_place_id=ChIJoVURSs_DaC4RRDlC_qPj3bs","Toko Komputer"
"Liemos Computer","4.3","4","Jl. Tenis Meja No.26","Kota Bandung","Jawa Barat","ID",,"+62 877-2281-3737","Toko Komputer",,,,,,,,,,"https://www.google.com/maps/search/?api=1&query=Liemos%20Computer&query_place_id=ChIJI68WgU_daC4RGWTgWyy-lvA","Toko Komputer"
"Syams Prestasi Media","4.7","33",,"Kota Bandung","Jawa Barat","ID",,"+62 22 87826558","Toko Komputer","Peralatan Elektronik",,,,,,,,,"https://www.google.com/maps/search/?api=1&query=Syams%20Prestasi%20Media&query_place_id=ChIJSwutndbcaC4R-xfAsPS4j5Y","Toko Komputer"
"Asus Mount Computer","4.7","40","Ruko Blok i No.21","Kota Bandung","Jawa Barat","ID",,"+62 815-2313-825","Toko Komputer","Servis Komputer","Jasa Reparasi Printer",,,,,,,,"https://www.google.com/maps/search/?api=1&query=Asus%20Mount%20Computer&query_place_id=ChIJ6UVOdRnoaC4RFB0_v83CMPQ","Toko Komputer"
"Riva Computer","4.6","20","Jl. Buni Sari No.60","Kota Bandung","Jawa Barat","ID",,"+62 813-2220-5636","Toko Komputer",,,,,,,,,,"https://www.google.com/maps/search/?api=1&query=Riva%20Computer&query_place_id=ChIJGTnWvJnnaC4RTxGK3L9ZWI4","Toko Komputer"
"Mesin Kasir Bandung","4.8","47","Samping polsek, Jl. Raya Cibiru No.17","Kota Bandung","Jawa Barat","ID","https://instagram.com/mesinkasir_bandung?igshid=OGQ5ZDc2ODk2ZA==","+62 878-2187-1223","Toko Komputer","Toko Perlengkapan Anti-Pencuri","Toko Software Komputer","Toko Perlengkapan Mesin Fotokopi","Mesin Jual Otomatis Elektronik","Jasa Reparasi Printer","Perusahaan Software",,,,"https://www.google.com/maps/search/?api=1&query=Mesin%20Kasir%20Bandung&query_place_id=ChIJtanYOv7naC4RYEi-m-wZ1iQ","Toko Komputer"
"Media Jaya Computer BTM","3.5","34","Jalan H. Ibrahim Adjie No.47, Bandung Trade Mall, Lantai GF, Blok G1 No.1, Kiaracondong","Kota Bandung","Jawa Barat","ID",,"+62 812-1414-3345","Toko Komputer",,,,,,,,,,"https://www.google.com/maps/search/?api=1&query=Media%20Jaya%20Computer%20BTM&query_place_id=ChIJC8KVacHnaC4RoKFraz6u3qI","Toko Komputer"
"ISTIQOMAH.NET","4.4","27","Jl. Cilengkrang II, RT.:01/09","Kota Bandung","Jawa Barat","ID","https://istiqomahnet.mygostore.com/","+62 856-5966-2255","Toko Komputer",,,,,,,,,,"https://www.google.com/maps/search/?api=1&query=ISTIQOMAH.NET&query_place_id=ChIJPfzHYPzdaC4RyAtX_VgaOMU","Toko Komputer"
"adziex komputer pc bandung","5","1","jl.pangaritan no 22, Gg hj yusuf No.04/07","Kota Bandung","Jawa Barat","ID","https://www.google.co.id/search?ibp=gwp;0,7&hl=in-id&hl=in-id&q=adziexmattch+game+pc+store&ludocid=6158350343107536428&lsig=AB86z5WrNFKK1WPRyNDocBeDKvRP","+62 812-9739-1097","Toko","Konsultan Komputer","Pabrikan perangkat keras komputer","Jasa Reparasi Komputer","Servis Komputer","Toko Software Komputer","Toko Komputer","Layanan dan Dukungan Komputer",,,"https://www.google.com/maps/search/?api=1&query=adziex%20komputer%20pc%20bandung&query_place_id=ChIJa19I4XzDaC4RLGZUOwLbdlU","Toko"
"DCS Komputer","5","26","Jalan Ibrahim Adjie No. 47, Bandung Trade Mall, Lantai 1, Blok.C1.No.40","Kota Bandung","Jawa Barat","ID",,"+62 22 7230825","Toko Komputer",,,,,,,,,,"https://www.google.com/maps/search/?api=1&query=DCS%20Komputer&query_place_id=ChIJPVVVFejnaC4R6Hq1KFFHke4","Toko Komputer"
"Mega Comp Grosir Aksesoris Komputer","4.6","79","Komplek Ruko Segitiga Mas, Kosambi Jl. A. Yani No.14","Kota Bandung","Jawa Barat","ID",,"+62 22 7237069","Toko Aksesori Komputer","Grosir",,,,,,,,,"https://www.google.com/maps/search/?api=1&query=Mega%20Comp%20Grosir%20Aksesoris%20Komputer&query_place_id=ChIJvdJ0983naC4RZdd76qnD3KQ","Toko Aksesori Komputer"
"Salaam Part, Service Laptop Bandung bisa Panggilan dan Sparepart Adaptor Baterai Keyboard LCD Laptop","5","632","Istana Bandung Electronic Centre 2, Lantai 2 Blok. Z08","Kota Bandung","Jawa Barat","ID","http://salaampart.com/","","Servis Komputer","Toko Baterai","Grosir baterai","Jasa Reparasi Komputer","Toko Komputer","Layanan dan Dukungan Komputer",,,,,"https://www.google.com/maps/search/?api=1&query=Salaam%20Part%2C%20Service%20Laptop%20Bandung%20bisa%20Panggilan%20dan%20Sparepart%20Adaptor%20Baterai%20Keyboard%20LCD%20Laptop&query_place_id=ChIJ66K-CDjmaC4R_o1bWc2jHL8","Servis Komputer"
"Planet Computer","5","145","BEC 2 Lantai 1, Jl. Purnawarman No.18 Blok Z16","Kota Bandung","Jawa Barat","ID","https://planetcomputer.co.id/","","Toko Komputer",,,,,,,,,,"https://www.google.com/maps/search/?api=1&query=Planet%20Computer&query_place_id=ChIJeVPvGjjmaC4RNICJ0eG4PS8","Toko Komputer"
"DYS Computer | Servis Laptop, PC & Rakit Gaming Bandung","5","27","Ruko, Jl. MTC Barat Jl. Soekarno-Hatta No.Blok D57","Kota Bandung","Jawa Barat","ID","http://dyscomputer.com/","+62 851-2107-2223","Toko Komputer",,,,,,,,,,"https://www.google.com/maps/search/?api=1&query=DYS%20Computer%20%7C%20Servis%20Laptop%2C%20PC%20%26%20Rakit%20Gaming%20Bandung&query_place_id=ChIJqa9YLGzDaC4RUL0NjXAqs1M","Toko Komputer"
"TOKO AKSESORIS KOMPUTER LAPTOP PRINTER TERLENGKAP DAN TERPERCAYA DI BANDUNG | SKM COMPUTER","4.5","39","Jl. Pajagalan No.31","Kota Bandung","Jawa Barat","ID",,"+62 822-4025-6729","Toko Komputer",,,,,,,,,,"https://www.google.com/maps/search/?api=1&query=TOKO%20AKSESORIS%20KOMPUTER%20LAPTOP%20PRINTER%20TERLENGKAP%20DAN%20TERPERCAYA%20DI%20BANDUNG%20%7C%20SKM%20COMPUTER&query_place_id=ChIJI7ANaULnaC4RieO2itJtFr8","Toko Komputer"
"Foursquare Computer","5","93","Bandung Trade Mall, Jl. Ibrahim Adjie Lantai 2 Blok.DD-27","Kota Bandung","Jawa Barat","ID","https://linktr.ee/foursquaresocial","+62 811-2073-324","Toko Komputer",,,,,,,,,,"https://www.google.com/maps/search/?api=1&query=Foursquare%20Computer&query_place_id=ChIJ4wvjSkHoaC4RXkWG5v1aRkA","Toko Komputer"
"Jaya Bandung Computer","4.8","25","Ruko Segitiga Mas Jln.A.Yani No 221-223 Blok C No.7, Komplek Segitiga Mas","Kota Bandung","Jawa Barat","ID",,"+62 851-0045-1877","Toko Komputer",,,,,,,,,,"https://www.google.com/maps/search/?api=1&query=Jaya%20Bandung%20Computer&query_place_id=ChIJtR7AGdLnaC4Rl8qqhKoKP4I","Toko Komputer"
"Santika Computer","5","200","Plaza Ibcc Jl. Jendral A.Yani 296 Plaza Ibcc Lt. UG Blok B-08","Kota Bandung","Jawa Barat","ID","https://www.tokopedia.com/santikacomp","+62 818-0953-1984","Toko Komputer",,,,,,,,,,"https://www.google.com/maps/search/?api=1&query=Santika%20Computer&query_place_id=ChIJFw1ZCwDnaC4RYz3cnqXN4xU","Toko Komputer"
"Majwa Computer (Komputer, Laptop, Printer, Aksesoris Penjualan & Service)","5","164","Bandung Trade mall (BTM, Jl. Ibrahim Adjie No.47 Lantai 2 blok CC114/ 115","Kota Bandung","Jawa Barat","ID",,"+62 819-3301-0477","Servis Komputer","Toko Isi Ulang Tinta Printer","Jasa Reparasi Printer",,,,,,,,"https://www.google.com/maps/search/?api=1&query=Majwa%20Computer%20(Komputer%2C%20Laptop%2C%20Printer%2C%20Aksesoris%20Penjualan%20%26%20Service)&query_place_id=ChIJ414zOObnaC4R-Y28ac-LLlQ","Servis Komputer"
"Dynamic Computer","4.7","20","Bandung Trade Mall Jl. Ibrahim Adjie.47, Lantai 1, Blok D1. 26-27","Kota Bandung","Jawa Barat","ID",,"+62 813-1234-3337","Toko Komputer",,,,,,,,,,"https://www.google.com/maps/search/?api=1&query=Dynamic%20Computer&query_place_id=ChIJr3it98HnaC4RHABhr-d6vhI","Toko Komputer"
"Angkasa Computer","4.6","11","Istana BEC, Jl. Purnawarman No.13-15","Kota Bandung","Jawa Barat","ID",,"+62 22 4224494","Toko Komputer",,,,,,,,,,"https://www.google.com/maps/search/?api=1&query=Angkasa%20Computer&query_place_id=ChIJI0hm90fmaC4RHmq2a3uH8B4","Toko Komputer"
"Toko laptop kliky Bandung","4.9","94","Jl. Pasir Kaliki No.25-27","Kota Bandung","Jawa Barat","ID","http://shopee.co.id/kliky.bec","+62 819-9113-1931","Toko Komputer",,,,,,,,,,"https://www.google.com/maps/search/?api=1&query=Toko%20laptop%20kliky%20Bandung&query_place_id=ChIJ42XV_ALnaC4Rgl0YRexXuvg","Toko Komputer"
"Faeyza Computer","5","21","Jalan H. Ibrahim Adjie No.47 Bandung Trade Mall Lantai 2 Blok BB No 44","Kota Bandung","Jawa Barat","ID",,"","Toko Komputer",,,,,,,,,,"https://www.google.com/maps/search/?api=1&query=Faeyza%20Computer&query_place_id=ChIJc9lYHcLnaC4R0CdAqcslcpc","Toko Komputer"
"Worthedcomp Bandung","5","15","Jl. Rengasdengklok 4 No.11 Antapani","Kota Bandung","Jawa Barat","ID",,"+62 878-8280-0068","Toko Komputer",,,,,,,,,,"https://www.google.com/maps/search/?api=1&query=Worthedcomp%20Bandung&query_place_id=ChIJjQxOxIfnaC4R_s-HX7TDxLU","Toko Komputer"
"Bandung Electronics Center","4.5","48065","Jl. Purnawarman No.13-15","Kota Bandung","Jawa Barat","ID",,"","Pusat Perbelanjaan","Toko Elektronik",,,,,,,,,"https://www.google.com/maps/search/?api=1&query=Bandung%20Electronics%20Center&query_place_id=ChIJOQRB-c3naC4RskJSO-o7Xtc","Pusat Perbelanjaan"
"Lenovo Exclusive Reseller Store - Nathan Computer","5","231","Bandung Electronic Center, Jl. Purnawarman No.13-15 Lt.1 Blok A 10","Kota Bandung","Jawa Barat","ID","http://lenovo.com/id","+62 878-2283-7113","Toko Komputer",,,,,,,,,,"https://www.google.com/maps/search/?api=1&query=Lenovo%20Exclusive%20Reseller%20Store%20-%20Nathan%20Computer&query_place_id=ChIJawAtykHnaC4RG-Zliwg1CTg","Toko Komputer"
"Bandung Jaya Computer","4.5","49","Jaya Plaza, Jl. A. Yani No.238 Lt. 1 Blok K No.8-9","Kota Bandung","Jawa Barat","ID",,"+62 22 87243350","Toko Komputer",,,,,,,,,,"https://www.google.com/maps/search/?api=1&query=Bandung%20Jaya%20Computer&query_place_id=ChIJ1VyBrMHnaC4RZrHpt1bQ2mQ","Toko Komputer"
"Gema Computer Accesories (Pusat)","4.7","110","Jl. Ibu Inggit Garnasih No.47-51","Kota Bandung","Jawa Barat","ID",,"+62 22 88884987","Toko Komputer",,,,,,,,,,"https://www.google.com/maps/search/?api=1&query=Gema%20Computer%20Accesories%20(Pusat)&query_place_id=ChIJo0bDR5zoaC4R5R0ne_gxmv8","Toko Komputer"
"Service Laptop Bandung Bisa Langsung Di Tunggu (8 Computer)","4.9","143","Jl. Soekarno-Hatta No.844","Kota Bandung","Jawa Barat","ID",,"+62 851-7310-0900","Servis Komputer","Toko Komputer",,,,,,,,,"https://www.google.com/maps/search/?api=1&query=Service%20Laptop%20Bandung%20Bisa%20Langsung%20Di%20Tunggu%20(8%20Computer)&query_place_id=ChIJ4y6scvTnaC4RnbYGehb3tv4","Servis Komputer"
"Satyr Computer","4.9","49","Jl. Kembar Timur II No.6","Kota Bandung","Jawa Barat","ID",,"+62 812-2376-868","Toko Komputer",,,,,,,,,,"https://www.google.com/maps/search/?api=1&query=Satyr%20Computer&query_place_id=ChIJP4aa7cfpaC4R0MD0uZs_RZo","Toko Komputer"
"EL.Store","5","12","Jl. Cisaranten Kulon No.107","Kota Bandung","Jawa Barat","ID","https://linktr.ee/el.st0re","+62 857-2367-2720","Toko Komputer","Toko Elektronik",,,,,,,,,"https://www.google.com/maps/search/?api=1&query=EL.Store&query_place_id=ChIJYVSejWrdaC4Rw8wFGzov2LQ","Toko Komputer"
"Soerti Comp Bandung","4.8","11","blok C12 no. 4, Komp. Bumi Panyileukan jl. Flamboyan IX","Kota Bandung","Jawa Barat","ID",,"+62 853-2006-0816","Toko Komputer",,,,,,,,,,"https://www.google.com/maps/search/?api=1&query=Soerti%20Comp%20Bandung&query_place_id=ChIJV8DMWt_CaC4RUOVbS0yEpbg","Toko Komputer"
"ORDR COMP","4.7","79","Jl. Purwakarta No.124","Kota Bandung","Jawa Barat","ID",,"+62 838-7870-8398","Toko Aksesori Ponsel","Toko Aksesori Komputer",,,,,,,,,"https://www.google.com/maps/search/?api=1&query=ORDR%20COMP&query_place_id=ChIJpQgeuvrnaC4RAW_kd9QxvyM","Toko Aksesori Ponsel"
"Indojaya Computer","4.9","307","Bandung Trade Mall, Jl. Ibrahim Adjie Jl. Kiara Condong","Kota Bandung","Jawa Barat","ID","https://id.shp.ee/imKg5UX","+62 821-1162-1635","Toko Komputer",,,,,,,,,,"https://www.google.com/maps/search/?api=1&query=Indojaya%20Computer&query_place_id=ChIJ-5foDzjmaC4RH9M7DElEh20","Toko Komputer"
"Luxury Laptop","5","267","Jl. Puri Dagomas Utara II No.38","Kota Bandung","Jawa Barat","ID","https://luxurylaptop.id/","+62 821-1880-3212","Toko Komputer",,,,,,,,,,"https://www.google.com/maps/search/?api=1&query=Luxury%20Laptop&query_place_id=ChIJtXdZdw_paC4RNQtsRl1byRE","Toko Komputer"
"Service Laptop Bandung Bisa Di Tunggu (Babacombandung)","4.7","502","Jl. Terusan Buah Batu No.8","Kota Bandung","Jawa Barat","ID",,"+62 851-7310-0200","Toko Komputer","Servis Komputer",,,,,,,,,"https://www.google.com/maps/search/?api=1&query=Service%20Laptop%20Bandung%20Bisa%20Di%20Tunggu%20(Babacombandung)&query_place_id=ChIJNQu6dNLnaC4RqKw3rZeOwiA","Toko Komputer"
"Kacapiring Komputer (Pusat Penjualan Sparepart Laptop , Service Laptop ,dan komputer Bandung)","4.5","205","Jl. Cikudapateuh Dalam No.10","Kota Bandung","Jawa Barat","ID","https://www.instagram.com/kacapiring_komputer/","+62 815-1122-7767","Toko Komputer","Jasa Reparasi Komputer","Servis Komputer",,,,,,,,"https://www.google.com/maps/search/?api=1&query=Kacapiring%20Komputer%20(Pusat%20Penjualan%20Sparepart%20Laptop%20%2C%20Service%20Laptop%20%2Cdan%20komputer%20Bandung)&query_place_id=ChIJRRyS-tHnaC4RB-3qu2ayQs4","Toko Komputer"
"Samudera Komputer","4.1","51","Jl. Cijambe No.1","Kota Bandung","Jawa Barat","ID",,"+62 852-8221-1302","Toko Komputer",,,,,,,,,,"https://www.google.com/maps/search/?api=1&query=Samudera%20Komputer&query_place_id=ChIJ9y62LkfdaC4RoQDhXkZOTPk","Toko Komputer"
"Spesialis Laptop Second Terbaik di Kota Bandung | Laptop Milenial Official | Good Quality - Amanah - Bergaransi","5","741","Gg. Samsi 1 No.11, RT.3/RW.3","Kota Bandung","Jawa Barat","ID","http://shopee.co.id/laptopmilenial","+62 811-2000-380","Toko Komputer","Toko Komputer Bekas",,,,,,,,,"https://www.google.com/maps/search/?api=1&query=Spesialis%20Laptop%20Second%20Terbaik%20di%20Kota%20Bandung%20%7C%20Laptop%20Milenial%20Official%20%7C%20Good%20Quality%20-%20Amanah%20-%20Bergaransi&query_place_id=ChIJc0T5NRDvaC4RNuWtljxHjnY","Toko Komputer"
"Bandung Komputer Mall","4.4","328","Jl. A. Yani","Kota Bandung","Jawa Barat","ID",,"+62 819-3600-8019","Toko Komputer",,,,,,,,,,"https://www.google.com/maps/search/?api=1&query=Bandung%20Komputer%20Mall&query_place_id=ChIJf2HhD9LnaC4RZAeQYTCGus8","Toko Komputer"
"Service laptop bandung (Distric Computer)","4.8","242","Istana BEC, Jl. Purnawarman No.13-15 Lantai 3 Blok J05","Kota Bandung","Jawa Barat","ID","https://servicelaptopbandungdistriccomputer.com/","+62 813-2404-8877","Toko Komputer",,,,,,,,,,"https://www.google.com/maps/search/?api=1&query=Service%20laptop%20bandung%20(Distric%20Computer)&query_place_id=ChIJy2EQ-0fmaC4RUOVF9xlYmkI","Toko Komputer"
"Jakartanotebook Bandung","4.6","3366","Cicadas Gateway Apartment Ruko, Jl. A. Yani No.669 Kel","Kota Bandung","Jawa Barat","ID","https://www.jakartanotebook.com/","+62 895-2984-9599","Toko Komputer",,,,,,,,,,"https://www.google.com/maps/search/?api=1&query=Jakartanotebook%20Bandung&query_place_id=ChIJo5NvHcDnaC4RfahvhRR81s4","Toko Komputer"
"Laptoppedia (Laptop Ex International)","4.9","75","Jl. Soekarno-Hatta No. 590 Metro Trade Center, Blk. D No.18","Kota Bandung","Jawa Barat","ID","https://desty.page/laptoppedia","+62 823-2111-1193","Toko Komputer","Toko Komputer Bekas",,,,,,,,,"https://www.google.com/maps/search/?api=1&query=Laptoppedia%20(Laptop%20Ex%20International)&query_place_id=ChIJbXEPjuPpaC4RJ7h7229-BmU","Toko Komputer"
"DISCOUNT NOTEBOOK BANDUNG - Jaya Plaza","4.9","123","Jl Ahmad Yani No 238 Pertokoan Jaya Plaza Blok R-08","Kota Bandung","Jawa Barat","ID","https://linktr.ee/discountnotebookofficial","+62 821-2081-4348","Toko Komputer","Toko Aksesori Komputer",,,,,,,,,"https://www.google.com/maps/search/?api=1&query=DISCOUNT%20NOTEBOOK%20BANDUNG%20-%20Jaya%20Plaza&query_place_id=ChIJZ6jmqoDnaC4R623sUpr7T_Y","Toko Komputer"
"SAKURA KOMPUTER BEC","4.9","825","Bec, Jl. Purnawarman No.15","Kota Bandung","Jawa Barat","ID","https://linktr.ee/sakurakomputer","+62 811-2098-303","Toko Komputer",,,,,,,,,,"https://www.google.com/maps/search/?api=1&query=SAKURA%20KOMPUTER%20BEC&query_place_id=ChIJa3xy-EfmaC4RhU2CeHlw7CI","Toko Komputer"
"CV.itech Computer Bandung","4.3","82","Jl. Babakan Sari No.1 No.184, RT.04/RW.14","Kota Bandung","Jawa Barat","ID",,"+62 821-2179-2179","Toko Komputer",,,,,,,,,,"https://www.google.com/maps/search/?api=1&query=CV.itech%20Computer%20Bandung&query_place_id=ChIJ87MUwTHpaC4RUJs9ppMIo7g","Toko Komputer"
"Persada Computer Bandung","4.6","107","Bandung Trade Mall Jalan Ibrahim Adjie 47, Lantai 2 Blok EE no 5 Kiara condong , Kec","Kota Bandung","Jawa Barat","ID","https://persadateknologi.com/","+62 895-1221-2832","Toko Komputer",,,,,,,,,,"https://www.google.com/maps/search/?api=1&query=Persada%20Computer%20Bandung&query_place_id=ChIJAecqIMDnaC4RPlm-Q62VEJI","Toko Komputer"
"AGRES ID BANDUNG TIMUR (SUMMARECON BANDUNG)","5","58","Summarecon Bandung, Ruko Ruby Commercial 50","Kota Bandung","Jawa Barat","ID",,"+62 811-8149-4536","Toko Komputer",,,,,,,,,,"https://www.google.com/maps/search/?api=1&query=AGRES%20ID%20BANDUNG%20TIMUR%20(SUMMARECON%20BANDUNG)&query_place_id=ChIJC-sfHgrDaC4RTqMsxFKzcmo","Toko Komputer"
"Central Computer","4.3","24","Jl. Karapitan No.129C","Kota Bandung","Jawa Barat","ID",,"+62 822-1668-9479","Toko Komputer",,,,,,,,,,"https://www.google.com/maps/search/?api=1&query=Central%20Computer&query_place_id=ChIJa29jgoHoaC4Rog9isS-WdfY","Toko Komputer"
"Digital Alliance Bandung (Official Store)","4.6","216","Bandung Trade Mall, Jl. Ibrahim Adjie.47- Lantai 2 Blok BB No. 65","Kota Bandung","Jawa Barat","ID",,"+62 877-3876-0111","Toko Komputer",,,,,,,,,,"https://www.google.com/maps/search/?api=1&query=Digital%20Alliance%20Bandung%20(Official%20Store)&query_place_id=ChIJhVUN9dvpaC4R6Y7AwXjMbJk","Toko Komputer"
"Bizmedia Computer","4.7","44","Ruko Segitiga Mas Kosambi Blok G. 3, Jl. A. Yani No.221-223","Kota Bandung","Jawa Barat","ID","http://www.bizmedia.co.id/","+62 22 7237008","Toko Komputer",,,,,,,,,,"https://www.google.com/maps/search/?api=1&query=Bizmedia%20Computer&query_place_id=ChIJB6GP9s3naC4R2lpbwrfTW9M","Toko Komputer"
"JAGOAN COMPUTER (Jual Beli & Service Laptop)","4.9","41","BEC MALL LT.2 BLOK Y10 & LT.1 BLOK T19, Jl. Purnawarman No.3, RW.15","Kota Bandung","Jawa Barat","ID","http://instagram.com/jagoancomputer.id","+62 812-2347-8253","Toko Komputer",,,,,,,,,,"https://www.google.com/maps/search/?api=1&query=JAGOAN%20COMPUTER%20(Jual%20Beli%20%26%20Service%20Laptop)&query_place_id=ChIJr8w0yHLnaC4RuppTexgm3d4","Toko Komputer"
"Alpha Gaming Square","5","479","Jl Purnawarman 13-15, Gedung Istana Bandung Electronic Centre 2 Lantai 1 X-10, X No.11","Kota Bandung","Jawa Barat","ID","https://www.tokopedia.com/alphagamingsquare","+62 813-2030-7700","Toko Komputer",,,,,,,,,,"https://www.google.com/maps/search/?api=1&query=Alpha%20Gaming%20Square&query_place_id=ChIJQ6-zLuTnaC4ROfmnf-FaUX0","Toko Komputer"
"Heinzy Komputer (PC Rakitan Bandung)","4.9","166","Bandung trade mall lantai GF Blok A1 No.9","Kota Bandung","Jawa Barat","ID","https://www.bandungkomputer.com/","+62 812-2704-0777","Toko Komputer",,,,,,,,,,"https://www.google.com/maps/search/?api=1&query=Heinzy%20Komputer%20(PC%20Rakitan%20Bandung)&query_place_id=ChIJJ_rqH8LnaC4RDVkgGf8STos","Toko Komputer"
"Aank Computer ""Jual Beli Laptop 2nd Bandung""","4.9","90","Jl. Asep Berlian","Kota Bandung","Jawa Barat","ID","https://www.tokopedia.com/aankfrozone","+62 896-5144-5477","Toko Komputer",,,,,,,,,,"https://www.google.com/maps/search/?api=1&query=Aank%20Computer%20%22Jual%20Beli%20Laptop%202nd%20Bandung%22&query_place_id=ChIJJTLS27jnaC4R2drSoQtLns4","Toko Komputer"
"Gema Computer Bandung","4.1","367","Jl. Kalipah Apo No.100","Kota Bandung","Jawa Barat","ID","https://www.youtube.com/channel/UCp7fohTgFrcYa1MN7NwgAPg","+62 821-2279-0779","Toko Komputer",,,,,,,,,,"https://www.google.com/maps/search/?api=1&query=Gema%20Computer%20Bandung&query_place_id=ChIJLUFwHiLmaC4R3XT57rJwS1w","Toko Komputer"
"Wb Computer","5","156","No. 102/203d Komp, Jl. Moch. Toha Jl. PLN Cigereleng","Kota Bandung","Jawa Barat","ID","https://www.tokopedia.com/waroengbarokah","+62 878-2263-2790","Toko Komputer",,,,,,,,,,"https://www.google.com/maps/search/?api=1&query=Wb%20Computer&query_place_id=ChIJIYoMjZToaC4R6ObDs6YfDlk","Toko Komputer"
"KLIKNKLIK BEC BARU","4.6","643","Istana BEC BARU, Jl. Purnawarman No.13-15 Lantai 1 Blok W1","Kota Bandung","Jawa Barat","ID","http://tokopedia.com/becbaru","+62 22 86012768","Toko Komputer","Toko Elektronik",,,,,,,,,"https://www.google.com/maps/search/?api=1&query=KLIKNKLIK%20BEC%20BARU&query_place_id=ChIJH8Y473rnaC4Rv9mcc9xD6pU","Toko Komputer"
"GreenHouse PC & Games","4.3","152","Jl. Mars Sel. X No.17","Kota Bandung","Jawa Barat","ID","https://www.linktree.com/ghpcgame","","Toko Video Game","Toko Aksesori Komputer","Pusat jaringan komputer","Toko Komputer","Layanan dan Dukungan Komputer",,,,,,"https://www.google.com/maps/search/?api=1&query=GreenHouse%20PC%20%26%20Games&query_place_id=ChIJfQC9DaDCaC4RsIpZ3jXpFGg","Toko Video Game"
